"id","time","event"
1,0,"PartTime"
2,0,"NoActivity"
2,4,"Start"
2,4,"FullTime"
2,11,"Stop"
3,0,"PartTime"
4,0,"LowPartTime"
4,9,"Increase"
4,9,"PartTime"
5,0,"FullTime"
6,0,"NoActivity"
6,1,"Start"
6,1,"PartTime"
7,0,"NoActivity"
8,0,"FullTime"
9,0,"FullTime"
10,0,"FullTime"
11,0,"PartTime"
12,0,"PartTime"
13,0,"FullTime"
14,0,"LowPartTime"
14,9,"Increase"
14,9,"PartTime"
15,0,"PartTime"
15,11,"Decrease"
15,11,"LowPartTime"
16,0,"LowPartTime"
17,0,"NoActivity"
18,0,"FullTime"
19,0,"PartTime"
20,0,"PartTime"
21,0,"NoActivity"
22,0,"FullTime"
23,0,"NoActivity"
23,6,"Start"
23,6,"FullTime"
23,7,"Stop"
24,0,"NoActivity"
25,0,"PartTime"
25,9,"Decrease"
25,9,"LowPartTime"
26,0,"FullTime"
27,0,"NoActivity"
28,0,"FullTime"
28,8,"Stop"
28,10,"Start"
28,10,"PartTime"
29,0,"LowPartTime"
30,0,"NoActivity"
31,0,"FullTime"
32,0,"PartTime"
32,10,"Decrease"
32,10,"LowPartTime"
33,0,"LowPartTime"
33,8,"Increase"
33,8,"PartTime"
33,9,"Stop"
34,0,"NoActivity"
35,0,"FullTime"
36,0,"NoActivity"
37,0,"LowPartTime"
38,0,"FullTime"
39,0,"FullTime"
40,0,"FullTime"
41,0,"LowPartTime"
42,0,"NoActivity"
42,10,"Start"
42,10,"LowPartTime"
42,11,"Stop"
43,0,"PartTime"
44,0,"PartTime"
44,11,"Increase"
44,11,"FullTime"
45,0,"FullTime"
46,0,"FullTime"
47,0,"FullTime"
48,0,"FullTime"
49,0,"FullTime"
50,0,"FullTime"
51,0,"NoActivity"
52,0,"NoActivity"
52,7,"Start"
52,7,"FullTime"
52,8,"Stop"
53,0,"PartTime"
54,0,"FullTime"
54,10,"Stop"
55,0,"NoActivity"
56,0,"LowPartTime"
57,0,"NoActivity"
58,0,"NoActivity"
59,0,"NoActivity"
60,0,"NoActivity"
61,0,"NoActivity"
62,0,"FullTime"
63,0,"NoActivity"
64,0,"FullTime"
65,0,"LowPartTime"
65,4,"Stop"
66,0,"NoActivity"
67,0,"PartTime"
67,11,"Decrease"
67,11,"LowPartTime"
68,0,"PartTime"
69,0,"FullTime"
70,0,"FullTime"
71,0,"NoActivity"
72,0,"NoActivity"
72,7,"Start"
72,7,"LowPartTime"
72,10,"Stop"
73,0,"FullTime"
74,0,"FullTime"
75,0,"NoActivity"
76,0,"NoActivity"
77,0,"NoActivity"
77,11,"Start"
77,11,"FullTime"
78,0,"FullTime"
79,0,"NoActivity"
79,6,"Start"
79,6,"FullTime"
79,7,"Stop"
80,0,"FullTime"
81,0,"NoActivity"
82,0,"NoActivity"
83,0,"FullTime"
84,0,"LowPartTime"
85,0,"NoActivity"
86,0,"FullTime"
87,0,"FullTime"
88,0,"NoActivity"
89,0,"FullTime"
90,0,"PartTime"
91,0,"FullTime"
92,0,"PartTime"
93,0,"NoActivity"
94,0,"FullTime"
95,0,"PartTime"
96,0,"NoActivity"
97,0,"NoActivity"
98,0,"NoActivity"
99,0,"NoActivity"
99,6,"Start"
99,6,"FullTime"
99,7,"Stop"
100,0,"NoActivity"
101,0,"FullTime"
102,0,"FullTime"
103,0,"NoActivity"
104,0,"FullTime"
105,0,"LowPartTime"
106,0,"NoActivity"
107,0,"FullTime"
107,9,"Stop"
108,0,"FullTime"
109,0,"NoActivity"
110,0,"FullTime"
111,0,"LowPartTime"
111,1,"Stop"
111,2,"Start"
111,2,"LowPartTime"
111,3,"Stop"
111,4,"Start"
111,4,"LowPartTime"
111,5,"Stop"
111,6,"Start"
111,6,"LowPartTime"
111,7,"Stop"
112,0,"LowPartTime"
112,10,"Stop"
113,0,"FullTime"
114,0,"FullTime"
115,0,"FullTime"
116,0,"FullTime"
117,0,"LowPartTime"
118,0,"FullTime"
119,0,"FullTime"
120,0,"FullTime"
121,0,"PartTime"
122,0,"NoActivity"
123,0,"FullTime"
124,0,"NoActivity"
125,0,"FullTime"
126,0,"FullTime"
127,0,"PartTime"
128,0,"FullTime"
129,0,"PartTime"
130,0,"NoActivity"
130,5,"Start"
130,5,"LowPartTime"
130,11,"Stop"
131,0,"PartTime"
132,0,"FullTime"
133,0,"FullTime"
134,0,"NoActivity"
134,6,"Start"
134,6,"FullTime"
134,8,"Decrease"
134,8,"LowPartTime"
134,9,"Increase"
134,9,"FullTime"
135,0,"NoActivity"
135,11,"Start"
135,11,"LowPartTime"
136,0,"NoActivity"
137,0,"FullTime"
138,0,"PartTime"
139,0,"FullTime"
140,0,"NoActivity"
141,0,"NoActivity"
142,0,"PartTime"
143,0,"PartTime"
144,0,"FullTime"
145,0,"LowPartTime"
145,7,"Increase"
145,7,"PartTime"
146,0,"FullTime"
147,0,"NoActivity"
148,0,"LowPartTime"
149,0,"FullTime"
150,0,"FullTime"
151,0,"FullTime"
152,0,"NoActivity"
153,0,"FullTime"
154,0,"FullTime"
155,0,"PartTime"
155,9,"Increase"
155,9,"FullTime"
156,0,"LowPartTime"
157,0,"NoActivity"
158,0,"FullTime"
159,0,"FullTime"
159,8,"Decrease"
159,8,"LowPartTime"
160,0,"PartTime"
160,10,"Decrease"
160,10,"LowPartTime"
161,0,"NoActivity"
162,0,"NoActivity"
163,0,"FullTime"
164,0,"FullTime"
165,0,"NoActivity"
166,0,"NoActivity"
167,0,"NoActivity"
168,0,"FullTime"
168,6,"Stop"
168,10,"Start"
168,10,"PartTime"
169,0,"PartTime"
169,10,"Increase"
169,10,"FullTime"
170,0,"FullTime"
170,8,"Stop"
171,0,"NoActivity"
172,0,"FullTime"
173,0,"PartTime"
174,0,"FullTime"
175,0,"PartTime"
176,0,"LowPartTime"
176,6,"Stop"
176,8,"Start"
176,8,"LowPartTime"
177,0,"FullTime"
177,9,"Stop"
178,0,"PartTime"
178,11,"Increase"
178,11,"FullTime"
179,0,"FullTime"
180,0,"PartTime"
180,8,"Decrease"
180,8,"LowPartTime"
181,0,"NoActivity"
182,0,"FullTime"
183,0,"FullTime"
184,0,"FullTime"
185,0,"PartTime"
186,0,"NoActivity"
187,0,"NoActivity"
188,0,"FullTime"
189,0,"LowPartTime"
190,0,"NoActivity"
190,9,"Start"
190,9,"LowPartTime"
191,0,"NoActivity"
192,0,"FullTime"
192,6,"Stop"
192,10,"Start"
192,10,"FullTime"
192,11,"Stop"
193,0,"FullTime"
194,0,"LowPartTime"
194,11,"Increase"
194,11,"PartTime"
195,0,"NoActivity"
196,0,"NoActivity"
197,0,"PartTime"
197,2,"Stop"
197,6,"Start"
197,6,"PartTime"
198,0,"LowPartTime"
198,9,"Stop"
199,0,"FullTime"
200,0,"NoActivity"
201,0,"FullTime"
202,0,"NoActivity"
203,0,"FullTime"
204,0,"FullTime"
205,0,"FullTime"
206,0,"NoActivity"
206,6,"Start"
206,6,"LowPartTime"
207,0,"FullTime"
208,0,"PartTime"
209,0,"NoActivity"
210,0,"FullTime"
211,0,"LowPartTime"
211,7,"Stop"
212,0,"FullTime"
213,0,"NoActivity"
213,11,"Start"
213,11,"LowPartTime"
214,0,"NoActivity"
214,9,"Start"
214,9,"LowPartTime"
215,0,"NoActivity"
216,0,"FullTime"
217,0,"PartTime"
218,0,"FullTime"
219,0,"LowPartTime"
219,9,"Stop"
220,0,"NoActivity"
220,6,"Start"
220,6,"FullTime"
220,7,"Decrease"
220,7,"PartTime"
220,8,"Stop"
221,0,"LowPartTime"
221,8,"Increase"
221,8,"PartTime"
222,0,"FullTime"
223,0,"FullTime"
224,0,"FullTime"
225,0,"PartTime"
226,0,"FullTime"
226,10,"Decrease"
226,10,"PartTime"
227,0,"NoActivity"
228,0,"FullTime"
229,0,"NoActivity"
230,0,"FullTime"
231,0,"NoActivity"
232,0,"FullTime"
233,0,"FullTime"
234,0,"FullTime"
234,6,"Stop"
234,9,"Start"
234,9,"PartTime"
234,10,"Stop"
234,11,"Start"
234,11,"LowPartTime"
235,0,"FullTime"
236,0,"NoActivity"
237,0,"NoActivity"
237,7,"Start"
237,7,"PartTime"
237,10,"Increase"
237,10,"FullTime"
238,0,"NoActivity"
238,9,"Start"
238,9,"LowPartTime"
239,0,"NoActivity"
240,0,"FullTime"
241,0,"PartTime"
242,0,"FullTime"
243,0,"NoActivity"
243,7,"Start"
243,7,"PartTime"
243,8,"Stop"
244,0,"PartTime"
245,0,"FullTime"
246,0,"FullTime"
247,0,"FullTime"
248,0,"FullTime"
249,0,"FullTime"
250,0,"FullTime"
251,0,"NoActivity"
252,0,"NoActivity"
253,0,"FullTime"
254,0,"FullTime"
255,0,"FullTime"
255,8,"Decrease"
255,8,"PartTime"
256,0,"FullTime"
257,0,"NoActivity"
258,0,"LowPartTime"
258,9,"Stop"
259,0,"NoActivity"
260,0,"PartTime"
261,0,"PartTime"
262,0,"NoActivity"
263,0,"FullTime"
263,10,"Stop"
264,0,"FullTime"
265,0,"FullTime"
265,9,"Decrease"
265,9,"PartTime"
266,0,"FullTime"
267,0,"NoActivity"
268,0,"NoActivity"
268,11,"Start"
268,11,"FullTime"
269,0,"FullTime"
270,0,"NoActivity"
271,0,"NoActivity"
271,8,"Start"
271,8,"PartTime"
272,0,"FullTime"
273,0,"FullTime"
274,0,"PartTime"
275,0,"FullTime"
276,0,"LowPartTime"
276,1,"Stop"
276,8,"Start"
276,8,"PartTime"
277,0,"NoActivity"
278,0,"FullTime"
279,0,"FullTime"
280,0,"FullTime"
281,0,"NoActivity"
282,0,"FullTime"
282,10,"Decrease"
282,10,"PartTime"
283,0,"FullTime"
284,0,"FullTime"
285,0,"FullTime"
286,0,"FullTime"
287,0,"NoActivity"
288,0,"NoActivity"
289,0,"LowPartTime"
290,0,"FullTime"
291,0,"NoActivity"
291,1,"Start"
291,1,"PartTime"
291,2,"Stop"
291,3,"Start"
291,3,"PartTime"
291,4,"Stop"
291,6,"Start"
291,6,"FullTime"
291,7,"Stop"
292,0,"FullTime"
293,0,"PartTime"
294,0,"LowPartTime"
294,10,"Stop"
295,0,"PartTime"
296,0,"PartTime"
297,0,"NoActivity"
298,0,"NoActivity"
299,0,"PartTime"
300,0,"FullTime"
301,0,"PartTime"
302,0,"FullTime"
303,0,"PartTime"
304,0,"NoActivity"
305,0,"NoActivity"
306,0,"NoActivity"
307,0,"NoActivity"
308,0,"NoActivity"
309,0,"PartTime"
310,0,"NoActivity"
311,0,"NoActivity"
312,0,"PartTime"
313,0,"NoActivity"
314,0,"NoActivity"
314,1,"Start"
314,1,"LowPartTime"
314,2,"Stop"
315,0,"PartTime"
316,0,"NoActivity"
317,0,"FullTime"
318,0,"NoActivity"
319,0,"NoActivity"
320,0,"PartTime"
321,0,"PartTime"
322,0,"PartTime"
322,10,"Increase"
322,10,"FullTime"
323,0,"NoActivity"
324,0,"FullTime"
325,0,"PartTime"
326,0,"NoActivity"
326,6,"Start"
326,6,"LowPartTime"
326,7,"Stop"
327,0,"NoActivity"
327,10,"Start"
327,10,"LowPartTime"
328,0,"LowPartTime"
329,0,"FullTime"
330,0,"LowPartTime"
330,10,"Increase"
330,10,"PartTime"
331,0,"PartTime"
331,1,"Stop"
331,6,"Start"
331,6,"PartTime"
332,0,"LowPartTime"
333,0,"FullTime"
334,0,"FullTime"
335,0,"NoActivity"
336,0,"PartTime"
337,0,"NoActivity"
337,10,"Start"
337,10,"PartTime"
338,0,"PartTime"
339,0,"NoActivity"
340,0,"NoActivity"
341,0,"NoActivity"
341,6,"Start"
341,6,"FullTime"
342,0,"LowPartTime"
343,0,"NoActivity"
344,0,"LowPartTime"
344,10,"Stop"
345,0,"NoActivity"
345,5,"Start"
345,5,"LowPartTime"
345,7,"Stop"
346,0,"PartTime"
346,9,"Increase"
346,9,"FullTime"
347,0,"LowPartTime"
348,0,"FullTime"
349,0,"PartTime"
350,0,"FullTime"
351,0,"FullTime"
352,0,"FullTime"
353,0,"FullTime"
354,0,"NoActivity"
355,0,"FullTime"
356,0,"NoActivity"
357,0,"NoActivity"
358,0,"PartTime"
359,0,"PartTime"
360,0,"FullTime"
360,11,"Decrease"
360,11,"PartTime"
361,0,"FullTime"
361,2,"Decrease"
361,2,"PartTime"
361,3,"Stop"
361,8,"Start"
361,8,"FullTime"
362,0,"FullTime"
362,11,"Stop"
363,0,"NoActivity"
363,11,"Start"
363,11,"LowPartTime"
364,0,"FullTime"
365,0,"FullTime"
366,0,"FullTime"
367,0,"PartTime"
367,9,"Increase"
367,9,"FullTime"
368,0,"FullTime"
368,9,"Decrease"
368,9,"PartTime"
369,0,"FullTime"
370,0,"FullTime"
371,0,"FullTime"
372,0,"PartTime"
373,0,"NoActivity"
373,7,"Start"
373,7,"LowPartTime"
373,10,"Stop"
374,0,"NoActivity"
375,0,"FullTime"
376,0,"FullTime"
377,0,"NoActivity"
377,2,"Start"
377,2,"FullTime"
378,0,"PartTime"
379,0,"NoActivity"
380,0,"NoActivity"
380,6,"Start"
380,6,"PartTime"
380,8,"Stop"
381,0,"PartTime"
381,11,"Increase"
381,11,"FullTime"
382,0,"NoActivity"
382,10,"Start"
382,10,"LowPartTime"
383,0,"NoActivity"
383,4,"Start"
383,4,"PartTime"
384,0,"PartTime"
384,6,"Stop"
384,8,"Start"
384,8,"PartTime"
385,0,"NoActivity"
386,0,"FullTime"
387,0,"NoActivity"
387,9,"Start"
387,9,"LowPartTime"
388,0,"NoActivity"
388,6,"Start"
388,6,"LowPartTime"
388,8,"Stop"
389,0,"FullTime"
390,0,"LowPartTime"
391,0,"FullTime"
392,0,"NoActivity"
392,10,"Start"
392,10,"PartTime"
393,0,"PartTime"
393,11,"Decrease"
393,11,"LowPartTime"
394,0,"NoActivity"
395,0,"LowPartTime"
396,0,"PartTime"
397,0,"FullTime"
398,0,"FullTime"
399,0,"FullTime"
400,0,"PartTime"
400,10,"Decrease"
400,10,"LowPartTime"
401,0,"FullTime"
402,0,"NoActivity"
402,1,"Start"
402,1,"PartTime"
402,9,"Decrease"
402,9,"LowPartTime"
403,0,"NoActivity"
404,0,"FullTime"
405,0,"FullTime"
406,0,"FullTime"
407,0,"PartTime"
408,0,"FullTime"
409,0,"LowPartTime"
409,8,"Increase"
409,8,"PartTime"
410,0,"FullTime"
411,0,"LowPartTime"
411,11,"Increase"
411,11,"FullTime"
412,0,"LowPartTime"
412,9,"Stop"
413,0,"FullTime"
414,0,"FullTime"
415,0,"FullTime"
416,0,"PartTime"
417,0,"PartTime"
418,0,"PartTime"
419,0,"NoActivity"
420,0,"FullTime"
421,0,"NoActivity"
422,0,"NoActivity"
423,0,"FullTime"
424,0,"LowPartTime"
424,3,"Stop"
424,4,"Start"
424,4,"LowPartTime"
424,8,"Increase"
424,8,"PartTime"
425,0,"PartTime"
426,0,"NoActivity"
427,0,"PartTime"
428,0,"LowPartTime"
429,0,"NoActivity"
430,0,"FullTime"
431,0,"FullTime"
432,0,"PartTime"
433,0,"FullTime"
434,0,"FullTime"
434,10,"Decrease"
434,10,"PartTime"
435,0,"NoActivity"
436,0,"PartTime"
436,9,"Stop"
437,0,"FullTime"
438,0,"FullTime"
439,0,"FullTime"
440,0,"FullTime"
441,0,"FullTime"
442,0,"FullTime"
443,0,"FullTime"
444,0,"LowPartTime"
445,0,"FullTime"
446,0,"PartTime"
446,1,"Stop"
446,7,"Start"
446,7,"PartTime"
447,0,"NoActivity"
448,0,"LowPartTime"
449,0,"NoActivity"
450,0,"PartTime"
451,0,"FullTime"
452,0,"FullTime"
453,0,"FullTime"
454,0,"NoActivity"
455,0,"PartTime"
456,0,"FullTime"
457,0,"PartTime"
458,0,"FullTime"
459,0,"NoActivity"
460,0,"PartTime"
461,0,"NoActivity"
462,0,"LowPartTime"
463,0,"NoActivity"
463,9,"Start"
463,9,"LowPartTime"
464,0,"NoActivity"
465,0,"PartTime"
466,0,"FullTime"
467,0,"PartTime"
467,10,"Stop"
468,0,"FullTime"
469,0,"FullTime"
470,0,"FullTime"
471,0,"NoActivity"
471,5,"Start"
471,5,"LowPartTime"
471,9,"Stop"
472,0,"NoActivity"
473,0,"FullTime"
474,0,"LowPartTime"
475,0,"PartTime"
476,0,"LowPartTime"
477,0,"NoActivity"
478,0,"FullTime"
479,0,"NoActivity"
479,1,"Start"
479,1,"LowPartTime"
479,5,"Increase"
479,5,"PartTime"
480,0,"FullTime"
480,9,"Stop"
481,0,"LowPartTime"
481,8,"Stop"
482,0,"NoActivity"
483,0,"NoActivity"
484,0,"LowPartTime"
485,0,"FullTime"
486,0,"PartTime"
486,9,"Stop"
487,0,"NoActivity"
488,0,"FullTime"
489,0,"FullTime"
490,0,"PartTime"
490,6,"Stop"
490,8,"Start"
490,8,"LowPartTime"
491,0,"NoActivity"
492,0,"PartTime"
493,0,"FullTime"
494,0,"NoActivity"
495,0,"FullTime"
496,0,"NoActivity"
497,0,"NoActivity"
497,10,"Start"
497,10,"FullTime"
498,0,"LowPartTime"
499,0,"FullTime"
500,0,"PartTime"
501,0,"PartTime"
502,0,"FullTime"
503,0,"FullTime"
503,2,"Decrease"
503,2,"PartTime"
504,0,"FullTime"
505,0,"NoActivity"
506,0,"NoActivity"
507,0,"LowPartTime"
508,0,"FullTime"
509,0,"NoActivity"
510,0,"NoActivity"
510,10,"Start"
510,10,"LowPartTime"
511,0,"FullTime"
512,0,"NoActivity"
513,0,"PartTime"
514,0,"NoActivity"
515,0,"FullTime"
516,0,"FullTime"
517,0,"NoActivity"
518,0,"NoActivity"
519,0,"NoActivity"
520,0,"NoActivity"
521,0,"NoActivity"
522,0,"NoActivity"
522,9,"Start"
522,9,"PartTime"
523,0,"PartTime"
524,0,"NoActivity"
525,0,"FullTime"
526,0,"LowPartTime"
527,0,"FullTime"
528,0,"NoActivity"
528,6,"Start"
528,6,"LowPartTime"
528,8,"Stop"
529,0,"FullTime"
530,0,"PartTime"
531,0,"FullTime"
532,0,"PartTime"
533,0,"FullTime"
534,0,"FullTime"
535,0,"LowPartTime"
536,0,"FullTime"
537,0,"FullTime"
538,0,"FullTime"
538,8,"Decrease"
538,8,"PartTime"
539,0,"NoActivity"
540,0,"FullTime"
541,0,"FullTime"
542,0,"NoActivity"
543,0,"NoActivity"
544,0,"NoActivity"
545,0,"PartTime"
546,0,"NoActivity"
547,0,"PartTime"
548,0,"NoActivity"
549,0,"LowPartTime"
550,0,"NoActivity"
551,0,"FullTime"
552,0,"NoActivity"
553,0,"NoActivity"
554,0,"FullTime"
555,0,"LowPartTime"
555,11,"Increase"
555,11,"PartTime"
556,0,"PartTime"
557,0,"LowPartTime"
557,9,"Increase"
557,9,"PartTime"
558,0,"NoActivity"
558,11,"Start"
558,11,"FullTime"
559,0,"FullTime"
560,0,"FullTime"
561,0,"FullTime"
561,6,"Stop"
562,0,"NoActivity"
563,0,"FullTime"
564,0,"FullTime"
565,0,"FullTime"
566,0,"LowPartTime"
567,0,"FullTime"
568,0,"FullTime"
569,0,"FullTime"
570,0,"LowPartTime"
571,0,"FullTime"
572,0,"FullTime"
573,0,"FullTime"
574,0,"PartTime"
575,0,"NoActivity"
575,4,"Start"
575,4,"PartTime"
575,6,"Stop"
575,8,"Start"
575,8,"LowPartTime"
576,0,"LowPartTime"
576,9,"Stop"
577,0,"FullTime"
578,0,"FullTime"
579,0,"FullTime"
580,0,"FullTime"
581,0,"LowPartTime"
582,0,"PartTime"
582,1,"Stop"
582,7,"Start"
582,7,"LowPartTime"
583,0,"NoActivity"
583,10,"Start"
583,10,"PartTime"
584,0,"NoActivity"
584,11,"Start"
584,11,"LowPartTime"
585,0,"FullTime"
586,0,"NoActivity"
587,0,"FullTime"
587,9,"Decrease"
587,9,"PartTime"
588,0,"FullTime"
589,0,"FullTime"
590,0,"PartTime"
591,0,"LowPartTime"
592,0,"NoActivity"
593,0,"NoActivity"
594,0,"PartTime"
595,0,"FullTime"
596,0,"PartTime"
597,0,"NoActivity"
597,11,"Start"
597,11,"LowPartTime"
598,0,"PartTime"
599,0,"FullTime"
600,0,"FullTime"
600,11,"Stop"
601,0,"FullTime"
602,0,"FullTime"
603,0,"LowPartTime"
604,0,"LowPartTime"
605,0,"PartTime"
605,3,"Increase"
605,3,"FullTime"
606,0,"NoActivity"
607,0,"PartTime"
608,0,"FullTime"
609,0,"FullTime"
610,0,"NoActivity"
611,0,"PartTime"
611,11,"Increase"
611,11,"FullTime"
612,0,"FullTime"
613,0,"NoActivity"
614,0,"FullTime"
615,0,"FullTime"
616,0,"NoActivity"
617,0,"FullTime"
618,0,"PartTime"
618,9,"Decrease"
618,9,"LowPartTime"
619,0,"PartTime"
620,0,"FullTime"
621,0,"FullTime"
622,0,"FullTime"
623,0,"PartTime"
624,0,"NoActivity"
625,0,"NoActivity"
625,8,"Start"
625,8,"FullTime"
626,0,"FullTime"
627,0,"NoActivity"
627,6,"Start"
627,6,"LowPartTime"
627,8,"Stop"
628,0,"FullTime"
629,0,"LowPartTime"
630,0,"PartTime"
631,0,"PartTime"
631,10,"Increase"
631,10,"FullTime"
632,0,"FullTime"
633,0,"NoActivity"
634,0,"FullTime"
635,0,"NoActivity"
636,0,"FullTime"
637,0,"NoActivity"
637,7,"Start"
637,7,"FullTime"
638,0,"PartTime"
639,0,"FullTime"
640,0,"NoActivity"
641,0,"NoActivity"
641,9,"Start"
641,9,"PartTime"
641,10,"Stop"
642,0,"NoActivity"
643,0,"FullTime"
644,0,"NoActivity"
645,0,"NoActivity"
646,0,"FullTime"
647,0,"FullTime"
648,0,"NoActivity"
649,0,"FullTime"
650,0,"NoActivity"
651,0,"FullTime"
652,0,"FullTime"
653,0,"FullTime"
654,0,"NoActivity"
655,0,"NoActivity"
656,0,"PartTime"
656,10,"Decrease"
656,10,"LowPartTime"
657,0,"NoActivity"
658,0,"NoActivity"
659,0,"FullTime"
660,0,"NoActivity"
661,0,"LowPartTime"
662,0,"FullTime"
663,0,"FullTime"
663,3,"Stop"
663,9,"Start"
663,9,"FullTime"
664,0,"PartTime"
665,0,"NoActivity"
666,0,"NoActivity"
667,0,"NoActivity"
668,0,"FullTime"
669,0,"NoActivity"
670,0,"NoActivity"
671,0,"FullTime"
672,0,"NoActivity"
672,10,"Start"
672,10,"LowPartTime"
673,0,"FullTime"
674,0,"PartTime"
675,0,"LowPartTime"
675,9,"Stop"
676,0,"PartTime"
677,0,"FullTime"
678,0,"FullTime"
679,0,"LowPartTime"
680,0,"NoActivity"
681,0,"PartTime"
682,0,"FullTime"
683,0,"FullTime"
684,0,"NoActivity"
685,0,"NoActivity"
686,0,"PartTime"
687,0,"FullTime"
688,0,"FullTime"
688,11,"Decrease"
688,11,"PartTime"
689,0,"NoActivity"
690,0,"FullTime"
691,0,"FullTime"
691,10,"Decrease"
691,10,"PartTime"
692,0,"FullTime"
693,0,"NoActivity"
694,0,"NoActivity"
695,0,"NoActivity"
696,0,"NoActivity"
697,0,"PartTime"
698,0,"FullTime"
699,0,"FullTime"
700,0,"PartTime"
701,0,"PartTime"
701,10,"Decrease"
701,10,"LowPartTime"
702,0,"NoActivity"
703,0,"FullTime"
704,0,"NoActivity"
705,0,"NoActivity"
705,5,"Start"
705,5,"LowPartTime"
706,0,"NoActivity"
707,0,"NoActivity"
708,0,"NoActivity"
709,0,"PartTime"
710,0,"NoActivity"
711,0,"NoActivity"
712,0,"FullTime"
713,0,"LowPartTime"
714,0,"FullTime"
715,0,"NoActivity"
716,0,"FullTime"
717,0,"FullTime"
718,0,"NoActivity"
719,0,"FullTime"
720,0,"NoActivity"
721,0,"NoActivity"
721,6,"Start"
721,6,"LowPartTime"
722,0,"FullTime"
722,9,"Stop"
723,0,"LowPartTime"
724,0,"NoActivity"
725,0,"NoActivity"
726,0,"NoActivity"
726,5,"Start"
726,5,"LowPartTime"
726,8,"Stop"
726,9,"Start"
726,9,"LowPartTime"
726,10,"Stop"
726,11,"Start"
726,11,"PartTime"
727,0,"FullTime"
728,0,"NoActivity"
728,9,"Start"
728,9,"FullTime"
729,0,"PartTime"
730,0,"NoActivity"
731,0,"FullTime"
732,0,"PartTime"
732,11,"Increase"
732,11,"FullTime"
733,0,"FullTime"
734,0,"LowPartTime"
734,11,"Stop"
735,0,"FullTime"
736,0,"NoActivity"
737,0,"FullTime"
738,0,"NoActivity"
739,0,"NoActivity"
740,0,"FullTime"
740,10,"Decrease"
740,10,"PartTime"
741,0,"NoActivity"
742,0,"FullTime"
743,0,"NoActivity"
744,0,"FullTime"
745,0,"FullTime"
746,0,"FullTime"
747,0,"LowPartTime"
747,8,"Stop"
748,0,"LowPartTime"
749,0,"FullTime"
750,0,"FullTime"
751,0,"NoActivity"
752,0,"FullTime"
753,0,"FullTime"
754,0,"NoActivity"
755,0,"FullTime"
756,0,"FullTime"
757,0,"PartTime"
758,0,"NoActivity"
759,0,"FullTime"
760,0,"FullTime"
761,0,"NoActivity"
761,3,"Start"
761,3,"LowPartTime"
761,4,"Stop"
761,7,"Start"
761,7,"LowPartTime"
761,8,"Stop"
761,11,"Start"
761,11,"LowPartTime"
762,0,"NoActivity"
763,0,"FullTime"
764,0,"FullTime"
765,0,"NoActivity"
766,0,"NoActivity"
767,0,"FullTime"
767,9,"Decrease"
767,9,"PartTime"
768,0,"FullTime"
768,8,"Decrease"
768,8,"PartTime"
768,10,"Increase"
768,10,"FullTime"
769,0,"FullTime"
770,0,"PartTime"
771,0,"FullTime"
772,0,"LowPartTime"
772,4,"Stop"
773,0,"FullTime"
774,0,"FullTime"
775,0,"NoActivity"
776,0,"PartTime"
777,0,"FullTime"
778,0,"FullTime"
779,0,"LowPartTime"
780,0,"FullTime"
780,9,"Stop"
781,0,"LowPartTime"
782,0,"PartTime"
783,0,"NoActivity"
783,4,"Start"
783,4,"FullTime"
783,8,"Stop"
783,10,"Start"
783,10,"FullTime"
784,0,"FullTime"
784,10,"Stop"
785,0,"PartTime"
786,0,"NoActivity"
786,8,"Start"
786,8,"PartTime"
787,0,"FullTime"
788,0,"PartTime"
788,9,"Decrease"
788,9,"LowPartTime"
789,0,"FullTime"
790,0,"FullTime"
791,0,"FullTime"
792,0,"FullTime"
793,0,"FullTime"
794,0,"NoActivity"
795,0,"PartTime"
796,0,"FullTime"
797,0,"NoActivity"
798,0,"FullTime"
799,0,"FullTime"
800,0,"FullTime"
801,0,"FullTime"
802,0,"NoActivity"
803,0,"PartTime"
804,0,"NoActivity"
805,0,"NoActivity"
806,0,"FullTime"
807,0,"FullTime"
808,0,"PartTime"
809,0,"LowPartTime"
809,8,"Stop"
810,0,"FullTime"
811,0,"LowPartTime"
812,0,"PartTime"
813,0,"PartTime"
814,0,"FullTime"
815,0,"NoActivity"
816,0,"NoActivity"
817,0,"NoActivity"
818,0,"PartTime"
819,0,"FullTime"
820,0,"FullTime"
821,0,"NoActivity"
822,0,"NoActivity"
823,0,"FullTime"
824,0,"FullTime"
825,0,"NoActivity"
826,0,"NoActivity"
827,0,"NoActivity"
828,0,"PartTime"
829,0,"LowPartTime"
829,9,"Stop"
830,0,"FullTime"
831,0,"FullTime"
832,0,"FullTime"
833,0,"PartTime"
834,0,"FullTime"
835,0,"NoActivity"
836,0,"NoActivity"
837,0,"NoActivity"
838,0,"NoActivity"
839,0,"LowPartTime"
840,0,"NoActivity"
841,0,"FullTime"
841,3,"Stop"
841,7,"Start"
841,7,"LowPartTime"
842,0,"FullTime"
843,0,"FullTime"
844,0,"PartTime"
845,0,"NoActivity"
845,7,"Start"
845,7,"LowPartTime"
846,0,"PartTime"
847,0,"FullTime"
848,0,"NoActivity"
849,0,"FullTime"
849,1,"Stop"
849,4,"Start"
849,4,"LowPartTime"
849,10,"Stop"
850,0,"FullTime"
851,0,"PartTime"
852,0,"FullTime"
853,0,"LowPartTime"
854,0,"FullTime"
855,0,"NoActivity"
855,11,"Start"
855,11,"PartTime"
856,0,"FullTime"
857,0,"NoActivity"
858,0,"NoActivity"
858,2,"Start"
858,2,"LowPartTime"
858,3,"Stop"
858,5,"Start"
858,5,"LowPartTime"
858,6,"Stop"
858,7,"Start"
858,7,"LowPartTime"
858,8,"Stop"
859,0,"NoActivity"
860,0,"FullTime"
861,0,"FullTime"
862,0,"FullTime"
863,0,"NoActivity"
864,0,"LowPartTime"
864,9,"Stop"
865,0,"NoActivity"
866,0,"PartTime"
867,0,"LowPartTime"
867,10,"Increase"
867,10,"PartTime"
868,0,"NoActivity"
869,0,"FullTime"
869,6,"Stop"
870,0,"NoActivity"
871,0,"NoActivity"
872,0,"PartTime"
873,0,"FullTime"
874,0,"PartTime"
875,0,"FullTime"
875,7,"Decrease"
875,7,"PartTime"
875,8,"Stop"
876,0,"FullTime"
877,0,"NoActivity"
877,6,"Start"
877,6,"FullTime"
877,7,"Stop"
878,0,"NoActivity"
879,0,"NoActivity"
880,0,"FullTime"
881,0,"FullTime"
882,0,"NoActivity"
883,0,"FullTime"
884,0,"NoActivity"
885,0,"LowPartTime"
885,6,"Stop"
885,9,"Start"
885,9,"PartTime"
886,0,"PartTime"
886,9,"Decrease"
886,9,"LowPartTime"
887,0,"NoActivity"
888,0,"PartTime"
889,0,"NoActivity"
890,0,"NoActivity"
891,0,"FullTime"
892,0,"PartTime"
893,0,"FullTime"
894,0,"FullTime"
895,0,"FullTime"
896,0,"NoActivity"
897,0,"PartTime"
898,0,"FullTime"
899,0,"NoActivity"
900,0,"PartTime"
901,0,"FullTime"
902,0,"FullTime"
903,0,"FullTime"
904,0,"FullTime"
905,0,"FullTime"
906,0,"NoActivity"
907,0,"NoActivity"
908,0,"NoActivity"
909,0,"FullTime"
910,0,"LowPartTime"
911,0,"FullTime"
912,0,"FullTime"
913,0,"NoActivity"
914,0,"FullTime"
914,10,"Stop"
915,0,"FullTime"
916,0,"FullTime"
917,0,"FullTime"
918,0,"NoActivity"
918,2,"Start"
918,2,"LowPartTime"
918,3,"Stop"
918,4,"Start"
918,4,"LowPartTime"
918,6,"Stop"
918,7,"Start"
918,7,"LowPartTime"
918,9,"Stop"
919,0,"LowPartTime"
919,11,"Increase"
919,11,"PartTime"
920,0,"FullTime"
921,0,"LowPartTime"
922,0,"FullTime"
922,8,"Stop"
923,0,"NoActivity"
924,0,"FullTime"
925,0,"FullTime"
926,0,"FullTime"
927,0,"PartTime"
928,0,"PartTime"
929,0,"FullTime"
930,0,"PartTime"
931,0,"FullTime"
932,0,"FullTime"
933,0,"NoActivity"
934,0,"PartTime"
934,6,"Stop"
934,10,"Start"
934,10,"LowPartTime"
935,0,"FullTime"
936,0,"NoActivity"
937,0,"FullTime"
938,0,"NoActivity"
939,0,"NoActivity"
940,0,"NoActivity"
941,0,"NoActivity"
942,0,"FullTime"
943,0,"LowPartTime"
944,0,"NoActivity"
945,0,"PartTime"
946,0,"NoActivity"
946,6,"Start"
946,6,"FullTime"
946,7,"Stop"
946,11,"Start"
946,11,"LowPartTime"
947,0,"PartTime"
948,0,"LowPartTime"
949,0,"NoActivity"
950,0,"NoActivity"
951,0,"PartTime"
952,0,"FullTime"
953,0,"NoActivity"
954,0,"FullTime"
955,0,"FullTime"
956,0,"PartTime"
957,0,"FullTime"
958,0,"LowPartTime"
958,10,"Increase"
958,10,"PartTime"
959,0,"FullTime"
960,0,"PartTime"
961,0,"FullTime"
961,8,"Stop"
962,0,"PartTime"
963,0,"NoActivity"
964,0,"NoActivity"
964,1,"Start"
964,1,"FullTime"
964,3,"Stop"
964,9,"Start"
964,9,"FullTime"
965,0,"NoActivity"
966,0,"PartTime"
967,0,"NoActivity"
967,2,"Start"
967,2,"FullTime"
967,4,"Stop"
967,6,"Start"
967,6,"FullTime"
968,0,"FullTime"
969,0,"PartTime"
970,0,"FullTime"
971,0,"NoActivity"
972,0,"FullTime"
973,0,"FullTime"
974,0,"FullTime"
975,0,"FullTime"
976,0,"PartTime"
977,0,"LowPartTime"
977,2,"Stop"
977,6,"Start"
977,6,"LowPartTime"
977,8,"Stop"
977,9,"Start"
977,9,"PartTime"
978,0,"LowPartTime"
979,0,"LowPartTime"
980,0,"LowPartTime"
980,11,"Increase"
980,11,"PartTime"
981,0,"FullTime"
982,0,"FullTime"
983,0,"FullTime"
984,0,"NoActivity"
985,0,"FullTime"
986,0,"FullTime"
986,5,"Stop"
986,10,"Start"
986,10,"FullTime"
987,0,"FullTime"
988,0,"NoActivity"
989,0,"FullTime"
989,9,"Decrease"
989,9,"LowPartTime"
990,0,"NoActivity"
991,0,"FullTime"
992,0,"PartTime"
993,0,"NoActivity"
993,6,"Start"
993,6,"FullTime"
993,7,"Decrease"
993,7,"PartTime"
993,8,"Stop"
994,0,"PartTime"
995,0,"FullTime"
996,0,"FullTime"
997,0,"NoActivity"
998,0,"NoActivity"
999,0,"FullTime"
999,7,"Decrease"
999,7,"PartTime"
1000,0,"NoActivity"
1001,0,"FullTime"
1001,10,"Decrease"
1001,10,"PartTime"
1002,0,"PartTime"
1002,10,"Decrease"
1002,10,"LowPartTime"
1003,0,"LowPartTime"
1004,0,"NoActivity"
1005,0,"FullTime"
1005,7,"Stop"
1006,0,"LowPartTime"
1007,0,"NoActivity"
1008,0,"NoActivity"
1009,0,"PartTime"
1009,11,"Increase"
1009,11,"FullTime"
1010,0,"NoActivity"
1011,0,"FullTime"
1012,0,"FullTime"
1013,0,"FullTime"
1014,0,"PartTime"
1014,10,"Stop"
1015,0,"FullTime"
1016,0,"PartTime"
1017,0,"FullTime"
1018,0,"PartTime"
1019,0,"PartTime"
1019,9,"Increase"
1019,9,"FullTime"
1020,0,"FullTime"
1021,0,"PartTime"
1021,8,"Increase"
1021,8,"FullTime"
1022,0,"FullTime"
1022,6,"Decrease"
1022,6,"PartTime"
1023,0,"FullTime"
1024,0,"NoActivity"
1025,0,"NoActivity"
1026,0,"PartTime"
1027,0,"FullTime"
1028,0,"PartTime"
1029,0,"LowPartTime"
1030,0,"NoActivity"
1031,0,"NoActivity"
1032,0,"FullTime"
1033,0,"FullTime"
1034,0,"LowPartTime"
1035,0,"PartTime"
1036,0,"FullTime"
1037,0,"FullTime"
1038,0,"NoActivity"
1039,0,"FullTime"
1040,0,"FullTime"
1041,0,"NoActivity"
1042,0,"FullTime"
1043,0,"PartTime"
1044,0,"FullTime"
1045,0,"NoActivity"
1046,0,"NoActivity"
1047,0,"FullTime"
1048,0,"PartTime"
1048,4,"Increase"
1048,4,"FullTime"
1048,5,"Decrease"
1048,5,"PartTime"
1048,7,"Increase"
1048,7,"FullTime"
1048,10,"Decrease"
1048,10,"PartTime"
1049,0,"LowPartTime"
1050,0,"FullTime"
1051,0,"NoActivity"
1052,0,"NoActivity"
1053,0,"PartTime"
1054,0,"FullTime"
1055,0,"FullTime"
1056,0,"NoActivity"
1056,9,"Start"
1056,9,"LowPartTime"
1057,0,"NoActivity"
1058,0,"FullTime"
1058,10,"Decrease"
1058,10,"LowPartTime"
1059,0,"FullTime"
1060,0,"FullTime"
1061,0,"NoActivity"
1062,0,"FullTime"
1063,0,"LowPartTime"
1063,3,"Increase"
1063,3,"PartTime"
1063,8,"Decrease"
1063,8,"LowPartTime"
1063,10,"Stop"
1064,0,"PartTime"
1065,0,"FullTime"
1066,0,"FullTime"
1067,0,"LowPartTime"
1067,9,"Increase"
1067,9,"PartTime"
1068,0,"PartTime"
1069,0,"NoActivity"
1070,0,"FullTime"
1071,0,"PartTime"
1072,0,"PartTime"
1073,0,"NoActivity"
1073,7,"Start"
1073,7,"FullTime"
1074,0,"NoActivity"
1075,0,"FullTime"
1075,10,"Decrease"
1075,10,"PartTime"
1076,0,"FullTime"
1077,0,"PartTime"
1078,0,"PartTime"
1079,0,"FullTime"
1080,0,"NoActivity"
1081,0,"FullTime"
1082,0,"FullTime"
1083,0,"FullTime"
1084,0,"LowPartTime"
1084,8,"Stop"
1084,11,"Start"
1084,11,"LowPartTime"
1085,0,"NoActivity"
1086,0,"LowPartTime"
1087,0,"NoActivity"
1088,0,"PartTime"
1088,8,"Increase"
1088,8,"FullTime"
1089,0,"NoActivity"
1090,0,"NoActivity"
1091,0,"FullTime"
1091,11,"Stop"
1092,0,"FullTime"
1093,0,"NoActivity"
1093,3,"Start"
1093,3,"PartTime"
1093,4,"Stop"
1093,9,"Start"
1093,9,"FullTime"
1094,0,"FullTime"
1095,0,"FullTime"
1096,0,"NoActivity"
1097,0,"NoActivity"
1098,0,"LowPartTime"
1098,9,"Increase"
1098,9,"PartTime"
1099,0,"FullTime"
1100,0,"NoActivity"
1101,0,"PartTime"
1101,8,"Increase"
1101,8,"FullTime"
1102,0,"FullTime"
1103,0,"NoActivity"
1104,0,"FullTime"
1105,0,"FullTime"
1106,0,"FullTime"
1107,0,"LowPartTime"
1108,0,"PartTime"
1109,0,"PartTime"
1110,0,"FullTime"
1111,0,"FullTime"
1112,0,"NoActivity"
1113,0,"NoActivity"
1113,7,"Start"
1113,7,"PartTime"
1114,0,"NoActivity"
1114,1,"Start"
1114,1,"PartTime"
1114,3,"Stop"
1114,9,"Start"
1114,9,"PartTime"
1114,10,"Stop"
1115,0,"NoActivity"
1116,0,"FullTime"
1117,0,"NoActivity"
1118,0,"NoActivity"
1119,0,"FullTime"
1120,0,"FullTime"
1121,0,"FullTime"
1122,0,"NoActivity"
1122,2,"Start"
1122,2,"LowPartTime"
1123,0,"FullTime"
1124,0,"FullTime"
1125,0,"NoActivity"
1126,0,"NoActivity"
1127,0,"FullTime"
1128,0,"NoActivity"
1129,0,"LowPartTime"
1130,0,"NoActivity"
1131,0,"LowPartTime"
1132,0,"NoActivity"
1133,0,"LowPartTime"
1134,0,"NoActivity"
1135,0,"PartTime"
1136,0,"FullTime"
1137,0,"PartTime"
1137,7,"Stop"
1138,0,"FullTime"
1139,0,"FullTime"
1140,0,"PartTime"
1141,0,"NoActivity"
1142,0,"NoActivity"
1143,0,"NoActivity"
1144,0,"NoActivity"
1145,0,"FullTime"
1145,11,"Stop"
1146,0,"FullTime"
1147,0,"FullTime"
1147,10,"Decrease"
1147,10,"PartTime"
1148,0,"NoActivity"
1149,0,"LowPartTime"
1150,0,"FullTime"
1151,0,"FullTime"
1152,0,"PartTime"
1153,0,"PartTime"
1154,0,"NoActivity"
1155,0,"NoActivity"
1156,0,"NoActivity"
1157,0,"FullTime"
1158,0,"NoActivity"
1159,0,"FullTime"
1160,0,"PartTime"
1161,0,"FullTime"
1161,11,"Decrease"
1161,11,"PartTime"
1162,0,"FullTime"
1163,0,"FullTime"
1164,0,"NoActivity"
1165,0,"FullTime"
1166,0,"FullTime"
1167,0,"NoActivity"
1168,0,"NoActivity"
1169,0,"FullTime"
1169,11,"Decrease"
1169,11,"PartTime"
1170,0,"NoActivity"
1171,0,"NoActivity"
1172,0,"LowPartTime"
1172,2,"Stop"
1172,11,"Start"
1172,11,"LowPartTime"
1173,0,"FullTime"
1174,0,"PartTime"
1174,1,"Stop"
1174,2,"Start"
1174,2,"LowPartTime"
1175,0,"NoActivity"
1176,0,"NoActivity"
1177,0,"NoActivity"
1178,0,"FullTime"
1179,0,"FullTime"
1180,0,"NoActivity"
1181,0,"FullTime"
1181,9,"Decrease"
1181,9,"PartTime"
1182,0,"FullTime"
1183,0,"FullTime"
1184,0,"NoActivity"
1185,0,"NoActivity"
1185,11,"Start"
1185,11,"LowPartTime"
1186,0,"NoActivity"
1187,0,"FullTime"
1188,0,"LowPartTime"
1188,5,"Increase"
1188,5,"FullTime"
1188,7,"Decrease"
1188,7,"PartTime"
1189,0,"NoActivity"
1190,0,"NoActivity"
1191,0,"LowPartTime"
1192,0,"FullTime"
1193,0,"PartTime"
1194,0,"FullTime"
1195,0,"FullTime"
1196,0,"FullTime"
1197,0,"NoActivity"
1197,2,"Start"
1197,2,"PartTime"
1197,4,"Decrease"
1197,4,"LowPartTime"
1197,5,"Stop"
1197,7,"Start"
1197,7,"FullTime"
1197,9,"Stop"
1197,10,"Start"
1197,10,"LowPartTime"
1198,0,"PartTime"
1199,0,"PartTime"
1200,0,"FullTime"
1201,0,"NoActivity"
1202,0,"LowPartTime"
1202,5,"Stop"
1202,8,"Start"
1202,8,"FullTime"
1203,0,"FullTime"
1204,0,"FullTime"
1205,0,"NoActivity"
1205,6,"Start"
1205,6,"LowPartTime"
1205,9,"Stop"
1206,0,"FullTime"
1206,1,"Decrease"
1206,1,"LowPartTime"
1206,2,"Increase"
1206,2,"FullTime"
1206,9,"Decrease"
1206,9,"PartTime"
1207,0,"FullTime"
1208,0,"NoActivity"
1209,0,"PartTime"
1210,0,"FullTime"
1211,0,"PartTime"
1212,0,"PartTime"
1213,0,"FullTime"
1214,0,"FullTime"
1215,0,"FullTime"
1216,0,"LowPartTime"
1217,0,"PartTime"
1217,10,"Decrease"
1217,10,"LowPartTime"
1218,0,"NoActivity"
1219,0,"NoActivity"
1220,0,"NoActivity"
1221,0,"PartTime"
1222,0,"FullTime"
1222,4,"Decrease"
1222,4,"PartTime"
1222,5,"Decrease"
1222,5,"LowPartTime"
1222,6,"Stop"
1222,8,"Start"
1222,8,"LowPartTime"
1222,9,"Increase"
1222,9,"FullTime"
1223,0,"NoActivity"
1224,0,"NoActivity"
1225,0,"FullTime"
1226,0,"LowPartTime"
1227,0,"PartTime"
1228,0,"FullTime"
1229,0,"FullTime"
1230,0,"PartTime"
1231,0,"FullTime"
1232,0,"FullTime"
1233,0,"NoActivity"
1234,0,"LowPartTime"
1235,0,"NoActivity"
1236,0,"FullTime"
1237,0,"PartTime"
1238,0,"LowPartTime"
1239,0,"NoActivity"
1240,0,"NoActivity"
1241,0,"LowPartTime"
1241,11,"Increase"
1241,11,"PartTime"
1242,0,"FullTime"
1242,10,"Decrease"
1242,10,"LowPartTime"
1243,0,"FullTime"
1243,10,"Stop"
1244,0,"FullTime"
1245,0,"PartTime"
1246,0,"FullTime"
1247,0,"FullTime"
1248,0,"FullTime"
1249,0,"NoActivity"
1249,2,"Start"
1249,2,"FullTime"
1249,3,"Stop"
1249,5,"Start"
1249,5,"FullTime"
1249,9,"Stop"
1250,0,"NoActivity"
1251,0,"PartTime"
1252,0,"FullTime"
1253,0,"NoActivity"
1254,0,"LowPartTime"
1254,9,"Increase"
1254,9,"PartTime"
1255,0,"FullTime"
1256,0,"NoActivity"
1257,0,"FullTime"
1258,0,"FullTime"
1259,0,"PartTime"
1260,0,"FullTime"
1261,0,"NoActivity"
1262,0,"LowPartTime"
1263,0,"NoActivity"
1263,6,"Start"
1263,6,"LowPartTime"
1263,7,"Stop"
1264,0,"FullTime"
1265,0,"NoActivity"
1266,0,"NoActivity"
1266,7,"Start"
1266,7,"FullTime"
1267,0,"LowPartTime"
1268,0,"FullTime"
1269,0,"FullTime"
1270,0,"FullTime"
1271,0,"FullTime"
1272,0,"PartTime"
1273,0,"NoActivity"
1273,11,"Start"
1273,11,"LowPartTime"
1274,0,"LowPartTime"
1274,9,"Stop"
1275,0,"FullTime"
1276,0,"LowPartTime"
1277,0,"FullTime"
1278,0,"PartTime"
1279,0,"FullTime"
1280,0,"NoActivity"
1281,0,"NoActivity"
1282,0,"FullTime"
1283,0,"PartTime"
1284,0,"NoActivity"
1285,0,"NoActivity"
1286,0,"NoActivity"
1287,0,"PartTime"
1288,0,"PartTime"
1289,0,"LowPartTime"
1290,0,"PartTime"
1291,0,"PartTime"
1292,0,"FullTime"
1293,0,"FullTime"
1294,0,"LowPartTime"
1295,0,"FullTime"
1296,0,"LowPartTime"
1297,0,"FullTime"
1298,0,"NoActivity"
1298,8,"Start"
1298,8,"LowPartTime"
1299,0,"PartTime"
1300,0,"PartTime"
1301,0,"FullTime"
1302,0,"PartTime"
1303,0,"FullTime"
1303,9,"Decrease"
1303,9,"PartTime"
1304,0,"NoActivity"
1305,0,"FullTime"
1306,0,"NoActivity"
1307,0,"NoActivity"
1307,9,"Start"
1307,9,"LowPartTime"
1308,0,"FullTime"
1309,0,"FullTime"
1310,0,"NoActivity"
1311,0,"FullTime"
1312,0,"PartTime"
1313,0,"NoActivity"
1314,0,"PartTime"
1315,0,"PartTime"
1316,0,"NoActivity"
1317,0,"NoActivity"
1317,7,"Start"
1317,7,"PartTime"
1317,10,"Stop"
1318,0,"PartTime"
1319,0,"FullTime"
1320,0,"PartTime"
1321,0,"NoActivity"
1322,0,"LowPartTime"
1323,0,"LowPartTime"
1323,11,"Stop"
1324,0,"FullTime"
1325,0,"PartTime"
1326,0,"FullTime"
1327,0,"FullTime"
1328,0,"FullTime"
1329,0,"FullTime"
1330,0,"FullTime"
1330,3,"Decrease"
1330,3,"LowPartTime"
1330,7,"Stop"
1330,8,"Start"
1330,8,"FullTime"
1331,0,"LowPartTime"
1331,7,"Stop"
1332,0,"NoActivity"
1333,0,"FullTime"
1334,0,"PartTime"
1335,0,"NoActivity"
1336,0,"NoActivity"
1337,0,"LowPartTime"
1338,0,"PartTime"
1339,0,"PartTime"
1340,0,"PartTime"
1341,0,"PartTime"
1341,7,"Increase"
1341,7,"FullTime"
1342,0,"PartTime"
1343,0,"PartTime"
1344,0,"FullTime"
1345,0,"FullTime"
1346,0,"PartTime"
1347,0,"PartTime"
1348,0,"FullTime"
1349,0,"NoActivity"
1350,0,"NoActivity"
1351,0,"NoActivity"
1352,0,"PartTime"
1353,0,"FullTime"
1353,7,"Stop"
1353,10,"Start"
1353,10,"FullTime"
1354,0,"NoActivity"
1354,9,"Start"
1354,9,"LowPartTime"
1355,0,"FullTime"
1356,0,"FullTime"
1357,0,"NoActivity"
1358,0,"FullTime"
1359,0,"PartTime"
1359,8,"Increase"
1359,8,"FullTime"
1360,0,"FullTime"
1360,10,"Decrease"
1360,10,"PartTime"
1361,0,"FullTime"
1362,0,"PartTime"
1363,0,"NoActivity"
1363,4,"Start"
1363,4,"PartTime"
1363,5,"Stop"
1363,8,"Start"
1363,8,"LowPartTime"
1363,9,"Stop"
1364,0,"NoActivity"
1365,0,"NoActivity"
1366,0,"FullTime"
1367,0,"NoActivity"
1368,0,"PartTime"
1369,0,"FullTime"
1370,0,"FullTime"
1371,0,"LowPartTime"
1372,0,"FullTime"
1373,0,"FullTime"
1374,0,"NoActivity"
1375,0,"FullTime"
1376,0,"FullTime"
1377,0,"NoActivity"
1378,0,"FullTime"
1379,0,"PartTime"
1379,10,"Increase"
1379,10,"FullTime"
1380,0,"FullTime"
1381,0,"LowPartTime"
1382,0,"NoActivity"
1383,0,"PartTime"
1383,9,"Decrease"
1383,9,"LowPartTime"
1383,10,"Increase"
1383,10,"FullTime"
1384,0,"PartTime"
1385,0,"FullTime"
1386,0,"FullTime"
1387,0,"FullTime"
1388,0,"NoActivity"
1389,0,"NoActivity"
1390,0,"NoActivity"
1391,0,"NoActivity"
1392,0,"PartTime"
1392,6,"Stop"
1392,8,"Start"
1392,8,"PartTime"
1393,0,"FullTime"
1394,0,"FullTime"
1395,0,"NoActivity"
1396,0,"NoActivity"
1397,0,"NoActivity"
1398,0,"FullTime"
1399,0,"FullTime"
1400,0,"PartTime"
1401,0,"FullTime"
1402,0,"FullTime"
1403,0,"NoActivity"
1404,0,"FullTime"
1405,0,"PartTime"
1406,0,"NoActivity"
1406,7,"Start"
1406,7,"LowPartTime"
1407,0,"NoActivity"
1407,6,"Start"
1407,6,"LowPartTime"
1407,7,"Stop"
1407,8,"Start"
1407,8,"FullTime"
1408,0,"FullTime"
1409,0,"NoActivity"
1410,0,"FullTime"
1411,0,"NoActivity"
1412,0,"FullTime"
1413,0,"FullTime"
1414,0,"NoActivity"
1415,0,"LowPartTime"
1415,8,"Stop"
1416,0,"LowPartTime"
1417,0,"FullTime"
1418,0,"NoActivity"
1419,0,"FullTime"
1420,0,"FullTime"
1421,0,"LowPartTime"
1421,10,"Increase"
1421,10,"PartTime"
1422,0,"FullTime"
1423,0,"NoActivity"
1424,0,"PartTime"
1425,0,"FullTime"
1425,9,"Decrease"
1425,9,"PartTime"
1426,0,"NoActivity"
1427,0,"NoActivity"
1427,7,"Start"
1427,7,"FullTime"
1428,0,"NoActivity"
1429,0,"FullTime"
1430,0,"LowPartTime"
1430,9,"Stop"
1431,0,"FullTime"
1432,0,"NoActivity"
1433,0,"PartTime"
1434,0,"LowPartTime"
1434,1,"Stop"
1435,0,"NoActivity"
1436,0,"FullTime"
1437,0,"FullTime"
1438,0,"NoActivity"
1439,0,"NoActivity"
1439,10,"Start"
1439,10,"FullTime"
1440,0,"FullTime"
1441,0,"NoActivity"
1442,0,"NoActivity"
1442,10,"Start"
1442,10,"LowPartTime"
1443,0,"FullTime"
1444,0,"FullTime"
1445,0,"PartTime"
1446,0,"FullTime"
1447,0,"PartTime"
1447,9,"Increase"
1447,9,"FullTime"
1448,0,"NoActivity"
1449,0,"FullTime"
1450,0,"FullTime"
1451,0,"FullTime"
1452,0,"NoActivity"
1453,0,"NoActivity"
1454,0,"FullTime"
1455,0,"FullTime"
1456,0,"NoActivity"
1457,0,"NoActivity"
1458,0,"FullTime"
1459,0,"FullTime"
1460,0,"FullTime"
1461,0,"FullTime"
1462,0,"NoActivity"
1463,0,"FullTime"
1464,0,"FullTime"
1465,0,"FullTime"
1466,0,"FullTime"
1467,0,"LowPartTime"
1468,0,"PartTime"
1469,0,"FullTime"
1470,0,"PartTime"
1471,0,"PartTime"
1472,0,"FullTime"
1473,0,"LowPartTime"
1473,11,"Increase"
1473,11,"PartTime"
1474,0,"LowPartTime"
1475,0,"LowPartTime"
1475,5,"Stop"
1475,8,"Start"
1475,8,"LowPartTime"
1475,11,"Stop"
1476,0,"NoActivity"
1477,0,"FullTime"
1478,0,"FullTime"
1479,0,"LowPartTime"
1479,10,"Stop"
1480,0,"NoActivity"
1481,0,"NoActivity"
1482,0,"NoActivity"
1482,8,"Start"
1482,8,"LowPartTime"
1483,0,"NoActivity"
1484,0,"FullTime"
1485,0,"FullTime"
1486,0,"FullTime"
1487,0,"NoActivity"
1488,0,"PartTime"
1489,0,"FullTime"
1490,0,"FullTime"
1490,3,"Stop"
1490,5,"Start"
1490,5,"FullTime"
1491,0,"FullTime"
1492,0,"NoActivity"
1493,0,"FullTime"
1494,0,"FullTime"
1495,0,"NoActivity"
1496,0,"FullTime"
1497,0,"FullTime"
1498,0,"FullTime"
1499,0,"FullTime"
1500,0,"LowPartTime"
1501,0,"LowPartTime"
1501,4,"Stop"
1501,8,"Start"
1501,8,"LowPartTime"
1501,11,"Stop"
1502,0,"FullTime"
1503,0,"FullTime"
1504,0,"LowPartTime"
1505,0,"FullTime"
1506,0,"PartTime"
1507,0,"PartTime"
1508,0,"FullTime"
1509,0,"NoActivity"
1509,2,"Start"
1509,2,"LowPartTime"
1509,4,"Increase"
1509,4,"PartTime"
1509,5,"Decrease"
1509,5,"LowPartTime"
1509,6,"Increase"
1509,6,"FullTime"
1509,7,"Decrease"
1509,7,"PartTime"
1509,8,"Stop"
1509,9,"Start"
1509,9,"LowPartTime"
1510,0,"FullTime"
1511,0,"NoActivity"
1511,5,"Start"
1511,5,"LowPartTime"
1511,6,"Increase"
1511,6,"PartTime"
1511,8,"Decrease"
1511,8,"LowPartTime"
1511,11,"Increase"
1511,11,"PartTime"
1512,0,"LowPartTime"
1512,9,"Stop"
1513,0,"NoActivity"
1514,0,"LowPartTime"
1514,9,"Stop"
1515,0,"FullTime"
1516,0,"FullTime"
1517,0,"NoActivity"
1517,5,"Start"
1517,5,"LowPartTime"
1517,6,"Stop"
1517,11,"Start"
1517,11,"FullTime"
1518,0,"PartTime"
1518,11,"Decrease"
1518,11,"LowPartTime"
1519,0,"FullTime"
1520,0,"NoActivity"
1521,0,"PartTime"
1522,0,"PartTime"
1522,10,"Stop"
1523,0,"PartTime"
1523,8,"Stop"
1523,9,"Start"
1523,9,"LowPartTime"
1524,0,"FullTime"
1525,0,"NoActivity"
1526,0,"FullTime"
1527,0,"FullTime"
1528,0,"NoActivity"
1529,0,"FullTime"
1530,0,"FullTime"
1531,0,"FullTime"
1532,0,"FullTime"
1533,0,"FullTime"
1534,0,"FullTime"
1535,0,"FullTime"
1536,0,"NoActivity"
1537,0,"NoActivity"
1538,0,"FullTime"
1539,0,"NoActivity"
1540,0,"FullTime"
1541,0,"FullTime"
1542,0,"LowPartTime"
1543,0,"LowPartTime"
1544,0,"FullTime"
1545,0,"NoActivity"
1546,0,"PartTime"
1547,0,"FullTime"
1548,0,"PartTime"
1549,0,"LowPartTime"
1550,0,"FullTime"
1551,0,"FullTime"
1552,0,"FullTime"
1553,0,"FullTime"
1554,0,"PartTime"
1555,0,"NoActivity"
1556,0,"NoActivity"
1557,0,"FullTime"
1558,0,"NoActivity"
1559,0,"NoActivity"
1560,0,"PartTime"
1561,0,"NoActivity"
1561,11,"Start"
1561,11,"FullTime"
1562,0,"LowPartTime"
1563,0,"NoActivity"
1563,5,"Start"
1563,5,"LowPartTime"
1563,6,"Stop"
1564,0,"NoActivity"
1565,0,"PartTime"
1566,0,"FullTime"
1567,0,"FullTime"
1568,0,"FullTime"
1569,0,"NoActivity"
1569,11,"Start"
1569,11,"LowPartTime"
1570,0,"NoActivity"
1571,0,"PartTime"
1572,0,"NoActivity"
1573,0,"NoActivity"
1574,0,"NoActivity"
1575,0,"NoActivity"
1576,0,"NoActivity"
1577,0,"PartTime"
1578,0,"NoActivity"
1579,0,"FullTime"
1579,6,"Stop"
1580,0,"FullTime"
1581,0,"NoActivity"
1582,0,"NoActivity"
1583,0,"FullTime"
1584,0,"PartTime"
1585,0,"FullTime"
1586,0,"LowPartTime"
1586,9,"Stop"
1587,0,"NoActivity"
1588,0,"LowPartTime"
1589,0,"NoActivity"
1589,4,"Start"
1589,4,"LowPartTime"
1589,7,"Stop"
1590,0,"PartTime"
1591,0,"LowPartTime"
1592,0,"FullTime"
1593,0,"PartTime"
1593,8,"Stop"
1593,10,"Start"
1593,10,"PartTime"
1594,0,"FullTime"
1595,0,"LowPartTime"
1596,0,"NoActivity"
1596,9,"Start"
1596,9,"PartTime"
1597,0,"PartTime"
1598,0,"NoActivity"
1599,0,"NoActivity"
1600,0,"PartTime"
1601,0,"FullTime"
1602,0,"FullTime"
1603,0,"PartTime"
1604,0,"FullTime"
1605,0,"NoActivity"
1605,9,"Start"
1605,9,"LowPartTime"
1605,11,"Increase"
1605,11,"PartTime"
1606,0,"NoActivity"
1607,0,"FullTime"
1608,0,"FullTime"
1609,0,"FullTime"
1610,0,"FullTime"
1611,0,"NoActivity"
1612,0,"FullTime"
1613,0,"NoActivity"
1614,0,"FullTime"
1615,0,"FullTime"
1616,0,"PartTime"
1617,0,"LowPartTime"
1617,4,"Stop"
1617,7,"Start"
1617,7,"LowPartTime"
1618,0,"FullTime"
1619,0,"LowPartTime"
1620,0,"NoActivity"
1621,0,"FullTime"
1622,0,"PartTime"
1622,10,"Increase"
1622,10,"FullTime"
1623,0,"FullTime"
1624,0,"FullTime"
1625,0,"PartTime"
1626,0,"NoActivity"
1626,2,"Start"
1626,2,"LowPartTime"
1627,0,"NoActivity"
1628,0,"FullTime"
1629,0,"LowPartTime"
1629,11,"Stop"
1630,0,"NoActivity"
1631,0,"FullTime"
1632,0,"FullTime"
1632,6,"Stop"
1633,0,"FullTime"
1634,0,"NoActivity"
1635,0,"NoActivity"
1635,7,"Start"
1635,7,"FullTime"
1635,10,"Decrease"
1635,10,"PartTime"
1636,0,"NoActivity"
1637,0,"NoActivity"
1638,0,"PartTime"
1639,0,"FullTime"
1640,0,"FullTime"
1641,0,"NoActivity"
1642,0,"NoActivity"
1643,0,"NoActivity"
1644,0,"FullTime"
1644,10,"Decrease"
1644,10,"LowPartTime"
1645,0,"FullTime"
1646,0,"FullTime"
1647,0,"LowPartTime"
1648,0,"FullTime"
1649,0,"FullTime"
1650,0,"NoActivity"
1650,8,"Start"
1650,8,"FullTime"
1651,0,"FullTime"
1652,0,"NoActivity"
1653,0,"LowPartTime"
1653,9,"Increase"
1653,9,"PartTime"
1654,0,"FullTime"
1655,0,"PartTime"
1656,0,"FullTime"
1657,0,"NoActivity"
1658,0,"FullTime"
1659,0,"FullTime"
1660,0,"FullTime"
1661,0,"LowPartTime"
1662,0,"FullTime"
1663,0,"PartTime"
1663,8,"Increase"
1663,8,"FullTime"
1664,0,"FullTime"
1665,0,"FullTime"
1666,0,"PartTime"
1667,0,"FullTime"
1668,0,"FullTime"
1669,0,"PartTime"
1670,0,"PartTime"
1671,0,"FullTime"
1672,0,"NoActivity"
1673,0,"FullTime"
1674,0,"NoActivity"
1675,0,"FullTime"
1676,0,"LowPartTime"
1676,9,"Stop"
1677,0,"NoActivity"
1678,0,"FullTime"
1679,0,"FullTime"
1680,0,"NoActivity"
1681,0,"PartTime"
1682,0,"FullTime"
1683,0,"FullTime"
1684,0,"LowPartTime"
1684,10,"Stop"
1685,0,"FullTime"
1685,9,"Stop"
1686,0,"FullTime"
1686,10,"Decrease"
1686,10,"PartTime"
1687,0,"NoActivity"
1688,0,"NoActivity"
1689,0,"NoActivity"
1690,0,"FullTime"
1691,0,"NoActivity"
1692,0,"NoActivity"
1693,0,"LowPartTime"
1694,0,"FullTime"
1695,0,"NoActivity"
1696,0,"LowPartTime"
1697,0,"FullTime"
1698,0,"FullTime"
1699,0,"FullTime"
1699,6,"Stop"
1699,9,"Start"
1699,9,"FullTime"
1700,0,"PartTime"
1701,0,"NoActivity"
1702,0,"FullTime"
1703,0,"LowPartTime"
1703,2,"Stop"
1703,5,"Start"
1703,5,"LowPartTime"
1703,9,"Increase"
1703,9,"PartTime"
1704,0,"LowPartTime"
1704,1,"Stop"
1704,3,"Start"
1704,3,"LowPartTime"
1705,0,"PartTime"
1706,0,"NoActivity"
1707,0,"NoActivity"
1708,0,"PartTime"
1708,8,"Increase"
1708,8,"FullTime"
1708,10,"Decrease"
1708,10,"PartTime"
1709,0,"FullTime"
1710,0,"FullTime"
1711,0,"NoActivity"
1712,0,"FullTime"
1713,0,"NoActivity"
1713,8,"Start"
1713,8,"LowPartTime"
1713,9,"Increase"
1713,9,"PartTime"
1714,0,"LowPartTime"
1714,10,"Stop"
1715,0,"FullTime"
1716,0,"FullTime"
1717,0,"PartTime"
1718,0,"PartTime"
1719,0,"NoActivity"
1720,0,"FullTime"
1721,0,"PartTime"
1721,9,"Stop"
1722,0,"FullTime"
1723,0,"FullTime"
1724,0,"FullTime"
1725,0,"LowPartTime"
1726,0,"NoActivity"
1727,0,"NoActivity"
1728,0,"FullTime"
1729,0,"LowPartTime"
1729,6,"Increase"
1729,6,"FullTime"
1729,8,"Stop"
1730,0,"NoActivity"
1730,6,"Start"
1730,6,"LowPartTime"
1730,8,"Stop"
1731,0,"NoActivity"
1732,0,"NoActivity"
1733,0,"NoActivity"
1733,7,"Start"
1733,7,"LowPartTime"
1734,0,"NoActivity"
1735,0,"PartTime"
1735,10,"Increase"
1735,10,"FullTime"
1736,0,"FullTime"
1737,0,"LowPartTime"
1737,6,"Stop"
1737,8,"Start"
1737,8,"LowPartTime"
1738,0,"FullTime"
1739,0,"FullTime"
1740,0,"PartTime"
1741,0,"PartTime"
1742,0,"PartTime"
1743,0,"FullTime"
1743,3,"Stop"
1743,11,"Start"
1743,11,"PartTime"
1744,0,"FullTime"
1745,0,"LowPartTime"
1746,0,"FullTime"
1746,11,"Stop"
1747,0,"NoActivity"
1748,0,"FullTime"
1749,0,"FullTime"
1750,0,"PartTime"
1751,0,"FullTime"
1752,0,"FullTime"
1753,0,"PartTime"
1753,1,"Increase"
1753,1,"FullTime"
1753,3,"Decrease"
1753,3,"PartTime"
1753,6,"Stop"
1754,0,"LowPartTime"
1755,0,"FullTime"
1756,0,"LowPartTime"
1757,0,"NoActivity"
1757,7,"Start"
1757,7,"FullTime"
1758,0,"PartTime"
1759,0,"FullTime"
1760,0,"LowPartTime"
1760,9,"Increase"
1760,9,"FullTime"
1761,0,"PartTime"
1761,10,"Decrease"
1761,10,"LowPartTime"
1762,0,"NoActivity"
1763,0,"NoActivity"
1764,0,"FullTime"
1765,0,"FullTime"
1766,0,"FullTime"
1767,0,"LowPartTime"
1767,6,"Stop"
1767,10,"Start"
1767,10,"LowPartTime"
1768,0,"NoActivity"
1769,0,"FullTime"
1770,0,"LowPartTime"
1770,10,"Increase"
1770,10,"PartTime"
1771,0,"PartTime"
1772,0,"NoActivity"
1773,0,"FullTime"
1773,8,"Stop"
1774,0,"FullTime"
1775,0,"PartTime"
1776,0,"NoActivity"
1776,10,"Start"
1776,10,"FullTime"
1777,0,"PartTime"
1777,11,"Increase"
1777,11,"FullTime"
1778,0,"NoActivity"
1779,0,"FullTime"
1780,0,"NoActivity"
1781,0,"NoActivity"
1782,0,"PartTime"
1783,0,"FullTime"
1784,0,"FullTime"
1785,0,"FullTime"
1786,0,"FullTime"
1787,0,"PartTime"
1788,0,"NoActivity"
1788,4,"Start"
1788,4,"FullTime"
1788,5,"Decrease"
1788,5,"PartTime"
1788,10,"Stop"
1789,0,"FullTime"
1790,0,"PartTime"
1791,0,"FullTime"
1792,0,"FullTime"
1793,0,"PartTime"
1794,0,"NoActivity"
1794,7,"Start"
1794,7,"FullTime"
1795,0,"PartTime"
1796,0,"FullTime"
1797,0,"NoActivity"
1797,4,"Start"
1797,4,"FullTime"
1797,6,"Stop"
1797,7,"Start"
1797,7,"FullTime"
1797,8,"Decrease"
1797,8,"PartTime"
1797,10,"Stop"
1798,0,"NoActivity"
1799,0,"NoActivity"
1800,0,"NoActivity"
1800,9,"Start"
1800,9,"PartTime"
1801,0,"FullTime"
1802,0,"LowPartTime"
1802,5,"Stop"
1803,0,"FullTime"
1803,7,"Decrease"
1803,7,"PartTime"
1804,0,"LowPartTime"
1804,9,"Stop"
1805,0,"FullTime"
1806,0,"FullTime"
1807,0,"NoActivity"
1808,0,"PartTime"
1808,9,"Stop"
1808,10,"Start"
1808,10,"PartTime"
1809,0,"FullTime"
1810,0,"FullTime"
1810,3,"Stop"
1810,4,"Start"
1810,4,"FullTime"
1811,0,"FullTime"
1812,0,"NoActivity"
1813,0,"NoActivity"
1814,0,"NoActivity"
1815,0,"PartTime"
1816,0,"FullTime"
1817,0,"FullTime"
1818,0,"FullTime"
1819,0,"FullTime"
1820,0,"FullTime"
1820,10,"Stop"
1821,0,"FullTime"
1822,0,"NoActivity"
1823,0,"FullTime"
1823,10,"Decrease"
1823,10,"PartTime"
1824,0,"FullTime"
1825,0,"FullTime"
1826,0,"LowPartTime"
1827,0,"FullTime"
1828,0,"NoActivity"
1829,0,"FullTime"
1830,0,"NoActivity"
1831,0,"FullTime"
1831,11,"Decrease"
1831,11,"PartTime"
1832,0,"FullTime"
1833,0,"NoActivity"
1834,0,"NoActivity"
1835,0,"FullTime"
1836,0,"FullTime"
1836,1,"Decrease"
1836,1,"PartTime"
1836,3,"Decrease"
1836,3,"LowPartTime"
1836,4,"Stop"
1836,8,"Start"
1836,8,"LowPartTime"
1836,10,"Increase"
1836,10,"FullTime"
1837,0,"FullTime"
1838,0,"FullTime"
1838,10,"Stop"
1839,0,"FullTime"
1840,0,"FullTime"
1841,0,"PartTime"
1842,0,"LowPartTime"
1843,0,"FullTime"
1844,0,"PartTime"
1844,2,"Stop"
1845,0,"NoActivity"
1845,5,"Start"
1845,5,"FullTime"
1845,6,"Stop"
1845,7,"Start"
1845,7,"FullTime"
1845,8,"Decrease"
1845,8,"LowPartTime"
1845,10,"Increase"
1845,10,"PartTime"
1845,11,"Stop"
1846,0,"LowPartTime"
1847,0,"NoActivity"
1848,0,"NoActivity"
1849,0,"LowPartTime"
1850,0,"NoActivity"
1851,0,"FullTime"
1852,0,"PartTime"
1853,0,"FullTime"
1854,0,"NoActivity"
1855,0,"FullTime"
1856,0,"LowPartTime"
1857,0,"FullTime"
1857,8,"Decrease"
1857,8,"PartTime"
1858,0,"PartTime"
1858,11,"Increase"
1858,11,"FullTime"
1859,0,"FullTime"
1860,0,"NoActivity"
1861,0,"FullTime"
1862,0,"FullTime"
1863,0,"PartTime"
1864,0,"NoActivity"
1864,4,"Start"
1864,4,"LowPartTime"
1865,0,"LowPartTime"
1866,0,"LowPartTime"
1866,2,"Stop"
1866,8,"Start"
1866,8,"LowPartTime"
1866,10,"Stop"
1867,0,"FullTime"
1868,0,"PartTime"
1868,9,"Increase"
1868,9,"FullTime"
1869,0,"FullTime"
1870,0,"FullTime"
1871,0,"PartTime"
1871,10,"Stop"
1872,0,"NoActivity"
1873,0,"FullTime"
1874,0,"FullTime"
1875,0,"FullTime"
1876,0,"NoActivity"
1876,9,"Start"
1876,9,"FullTime"
1876,10,"Stop"
1877,0,"NoActivity"
1878,0,"FullTime"
1879,0,"FullTime"
1880,0,"FullTime"
1881,0,"NoActivity"
1881,1,"Start"
1881,1,"LowPartTime"
1881,3,"Stop"
1882,0,"FullTime"
1883,0,"NoActivity"
1884,0,"NoActivity"
1884,8,"Start"
1884,8,"LowPartTime"
1885,0,"FullTime"
1886,0,"NoActivity"
1886,10,"Start"
1886,10,"FullTime"
1887,0,"LowPartTime"
1887,1,"Stop"
1887,10,"Start"
1887,10,"PartTime"
1888,0,"PartTime"
1888,8,"Decrease"
1888,8,"LowPartTime"
1889,0,"FullTime"
1890,0,"NoActivity"
1891,0,"NoActivity"
1892,0,"PartTime"
1892,1,"Stop"
1893,0,"FullTime"
1894,0,"FullTime"
1895,0,"NoActivity"
1896,0,"FullTime"
1897,0,"FullTime"
1897,7,"Stop"
1898,0,"NoActivity"
1899,0,"NoActivity"
1900,0,"FullTime"
1901,0,"NoActivity"
1902,0,"PartTime"
1902,11,"Decrease"
1902,11,"LowPartTime"
1903,0,"FullTime"
1904,0,"LowPartTime"
1904,10,"Stop"
1904,11,"Start"
1904,11,"LowPartTime"
1905,0,"FullTime"
1906,0,"FullTime"
1907,0,"FullTime"
1908,0,"FullTime"
1909,0,"FullTime"
1910,0,"NoActivity"
1911,0,"FullTime"
1912,0,"LowPartTime"
1913,0,"LowPartTime"
1914,0,"NoActivity"
1914,5,"Start"
1914,5,"LowPartTime"
1914,6,"Increase"
1914,6,"FullTime"
1914,8,"Stop"
1915,0,"FullTime"
1916,0,"NoActivity"
1917,0,"NoActivity"
1917,5,"Start"
1917,5,"PartTime"
1918,0,"NoActivity"
1919,0,"FullTime"
1920,0,"FullTime"
1921,0,"FullTime"
1922,0,"PartTime"
1923,0,"FullTime"
1924,0,"NoActivity"
1925,0,"NoActivity"
1926,0,"FullTime"
1927,0,"NoActivity"
1928,0,"FullTime"
1929,0,"LowPartTime"
1930,0,"LowPartTime"
1931,0,"LowPartTime"
1932,0,"FullTime"
1932,10,"Decrease"
1932,10,"PartTime"
1933,0,"FullTime"
1934,0,"FullTime"
1935,0,"LowPartTime"
1936,0,"NoActivity"
1937,0,"NoActivity"
1937,6,"Start"
1937,6,"PartTime"
1937,7,"Increase"
1937,7,"FullTime"
1937,8,"Stop"
1938,0,"FullTime"
1939,0,"FullTime"
1940,0,"NoActivity"
1941,0,"FullTime"
1942,0,"NoActivity"
1942,3,"Start"
1942,3,"LowPartTime"
1942,4,"Stop"
1942,10,"Start"
1942,10,"FullTime"
1943,0,"FullTime"
1944,0,"NoActivity"
1944,4,"Start"
1944,4,"LowPartTime"
1944,9,"Increase"
1944,9,"FullTime"
1945,0,"FullTime"
1946,0,"NoActivity"
1947,0,"FullTime"
1948,0,"FullTime"
1949,0,"NoActivity"
1950,0,"NoActivity"
1951,0,"FullTime"
1952,0,"NoActivity"
1952,1,"Start"
1952,1,"LowPartTime"
1952,2,"Stop"
1953,0,"FullTime"
1954,0,"PartTime"
1955,0,"NoActivity"
1956,0,"FullTime"
1956,11,"Decrease"
1956,11,"LowPartTime"
1957,0,"PartTime"
1957,11,"Decrease"
1957,11,"LowPartTime"
1958,0,"NoActivity"
1958,8,"Start"
1958,8,"FullTime"
1959,0,"PartTime"
1960,0,"PartTime"
1961,0,"FullTime"
1962,0,"FullTime"
1963,0,"NoActivity"
1964,0,"NoActivity"
1965,0,"NoActivity"
1966,0,"FullTime"
1967,0,"FullTime"
1968,0,"NoActivity"
1969,0,"PartTime"
1970,0,"NoActivity"
1971,0,"PartTime"
1972,0,"FullTime"
1973,0,"NoActivity"
1974,0,"FullTime"
1975,0,"FullTime"
1976,0,"FullTime"
1977,0,"FullTime"
1978,0,"NoActivity"
1979,0,"FullTime"
1980,0,"PartTime"
1981,0,"NoActivity"
1982,0,"FullTime"
1983,0,"LowPartTime"
1984,0,"FullTime"
1985,0,"FullTime"
1986,0,"NoActivity"
1987,0,"NoActivity"
1988,0,"LowPartTime"
1989,0,"NoActivity"
1989,8,"Start"
1989,8,"LowPartTime"
1990,0,"NoActivity"
1991,0,"FullTime"
1992,0,"LowPartTime"
1993,0,"NoActivity"
1994,0,"PartTime"
1994,9,"Increase"
1994,9,"FullTime"
1995,0,"NoActivity"
1996,0,"FullTime"
1997,0,"NoActivity"
1998,0,"NoActivity"
1999,0,"NoActivity"
2000,0,"PartTime"
