Country,1990,1991,1992,1993,1994,1995,1996,1997,1998,1999,2000,2001,2002,2003,2004,2005,2006,2007,2008,2009,2010,2011,2012,2013,2014,2015,2016,2017,2018,2019
Afghanistan,Very Low,Very Low,Very Low,Very Low,Very Low,Very Low,Very Low,Very Low,Very Low,Very Low,Very Low,Very Low,Very Low,Very Low,Very Low,Very Low,Very Low,Very Low,Very Low,Very Low,Very Low,Very Low,Very Low,Very Low,Very Low,Very Low,Very Low,Very Low,Very Low,Very Low
Albania,Middle,Low,Low,Low,Low,Low,Low,Low,Low,Low,Low,Low,Low,Low,Middle,Low,Low,Low,Low,Middle,Middle,Middle,Middle,Middle,Middle,Middle,Middle,Middle,Middle,Middle
Algeria,Middle,Middle,Middle,Middle,Middle,Middle,Middle,Middle,Middle,Middle,Middle,Middle,Middle,Middle,Middle,Middle,Middle,Middle,Middle,Middle,Middle,Middle,Middle,Middle,High,High,High,High,High,High
Andorra,Very High,Very High,High,High,High,High,High,High,Very High,Very High,Very High,Very High,Very High,High,High,High,High,High,High,High,High,High,High,High,High,High,High,High,High,High
Angola,Low,Low,Low,Low,Low,Low,Low,Low,Low,Low,Low,Low,Low,Low,Low,Low,Low,Low,Low,Low,Low,Low,Low,Low,Low,Low,Low,Low,Low,Low
Antigua And Barbuda,Middle,Middle,High,High,High,High,High,High,High,High,High,High,High,High,High,High,High,High,High,Very High,High,High,Very High,High,High,High,High,High,High,High
Argentina,Middle,Middle,Middle,Middle,Middle,Middle,Middle,Middle,Middle,Middle,Middle,Middle,Middle,Middle,Middle,High,High,High,High,High,High,High,High,High,High,High,High,High,High,High
Armenia,High,High,Middle,Middle,Low,Low,Low,Low,Low,Low,Low,Low,Low,Low,Low,Middle,Middle,Middle,Middle,Middle,Middle,Middle,Middle,Middle,Middle,Middle,Middle,Middle,Middle,Middle
Australia,Very High,Very High,Very High,Very High,Very High,Very High,Very High,Very High,Very High,Very High,Very High,Very High,Very High,Very High,Very High,Very High,Very High,Very High,Very High,Very High,Very High,Very High,Very High,Very High,Very High,Very High,Very High,Very High,Very High,Very High
Austria,Very High,Very High,Very High,High,Very High,Very High,Very High,Very High,Very High,Very High,Very High,Very High,Very High,Very High,Very High,Very High,Very High,Very High,Very High,Very High,Very High,Very High,Very High,Very High,High,High,High,Very High,High,High
Azerbaijan,Very High,High,Very High,High,High,High,Middle,Middle,Middle,Middle,Middle,Middle,Middle,Middle,Middle,Middle,Middle,Middle,Middle,Middle,Middle,Middle,Middle,Middle,Middle,Middle,Middle,Middle,Middle,Middle
Bahamas,High,Very High,Very High,High,High,Very High,High,High,Very High,High,High,High,High,High,High,High,High,High,High,Very High,High,High,Very High,High,High,High,High,High,High,High
Bahrain,Very High,Very High,Very High,Very High,Very High,Very High,Very High,Very High,Very High,Very High,Very High,Very High,Very High,Very High,Very High,Very High,Very High,Very High,Very High,Very High,Very High,Very High,Very High,Very High,Very High,Very High,Very High,Very High,Very High,Very High
Bangladesh,Very Low,Very Low,Very Low,Very Low,Very Low,Very Low,Very Low,Very Low,Very Low,Very Low,Very Low,Very Low,Very Low,Very Low,Very Low,Very Low,Very Low,Very Low,Very Low,Very Low,Very Low,Very Low,Very Low,Low,Low,Low,Low,Low,Low,Low
Barbados,High,High,High,High,High,High,High,High,High,High,High,High,High,High,High,High,High,High,High,Very High,High,High,Very High,High,High,High,High,High,High,High
Belarus,Very High,Very High,Very High,Very High,High,High,High,High,High,High,High,High,High,High,High,High,High,High,High,High,High,High,High,High,High,High,High,High,High,High
Belgium,Very High,Very High,Very High,Very High,Very High,Very High,Very High,Very High,Very High,Very High,Very High,Very High,Very High,Very High,Very High,Very High,Very High,Very High,Very High,Very High,Very High,Very High,Very High,Very High,Very High,Very High,Very High,Very High,Very High,Very High
Belize,Middle,Middle,Middle,Middle,Middle,Middle,Middle,Middle,Middle,Middle,Middle,Middle,Middle,Middle,Middle,Middle,Middle,Middle,Middle,High,Middle,Middle,Middle,Low,Low,Middle,Middle,Middle,Middle,Middle
Benin,Very Low,Very Low,Very Low,Very Low,Very Low,Very Low,Very Low,Very Low,Very Low,Very Low,Very Low,Very Low,Very Low,Very Low,Very Low,Very Low,Low,Low,Low,Low,Low,Low,Low,Low,Low,Low,Low,Low,Low,Low
Bhutan,Very Low,Very Low,Very Low,Very Low,Very Low,Very Low,Very Low,Very Low,Very Low,Very Low,Very Low,Very Low,Low,Low,Low,Low,Low,Low,Low,Low,Low,Low,Low,Low,Low,Low,Low,Low,Low,Low
Bolivia,Middle,Middle,Middle,Low,Low,Low,Low,Low,Low,Low,Low,Low,Low,Low,Low,Low,Low,Low,Low,Low,Middle,Middle,Middle,Middle,Middle,Middle,Middle,Middle,Middle,Middle
Bosnia,High,High,High,Middle,Low,Low,Low,Middle,Middle,Middle,Middle,Middle,Middle,Middle,High,High,High,High,High,High,High,High,High,High,High,High,High,High,High,High
Botswana,Middle,Middle,Middle,Middle,Middle,Middle,Middle,Middle,Middle,Middle,Middle,Middle,Middle,Middle,Middle,Middle,Middle,Middle,Middle,Middle,Middle,Middle,Middle,Middle,Middle,Middle,Middle,Middle,Middle,Middle
Brazil,Low,Low,Low,Low,Low,Middle,Middle,Middle,Middle,Middle,Middle,Middle,Middle,Middle,Middle,Middle,Middle,Middle,Middle,Middle,Middle,Middle,Middle,Middle,Middle,Middle,Middle,Middle,Middle,Middle
Brunei,Very High,Very High,Very High,Very High,Very High,Very High,Very High,Very High,Very High,Very High,Very High,Very High,Very High,Very High,Very High,Very High,Very High,Very High,Very High,Very High,Very High,Very High,Very High,Very High,Very High,Very High,Very High,Very High,Very High,Very High
Bulgaria,Very High,High,High,High,High,High,High,High,High,High,High,High,High,High,High,High,High,High,High,High,High,High,High,High,High,High,High,High,High,High
Burkina Faso,Very Low,Very Low,Very Low,Very Low,Very Low,Very Low,Very Low,Very Low,Very Low,Very Low,Very Low,Very Low,Very Low,Very Low,Very Low,Very Low,Very Low,Very Low,Very Low,Very Low,Very Low,Very Low,Very Low,Very Low,Very Low,Very Low,Very Low,Very Low,Very Low,Very Low
Burundi,Very Low,Very Low,Very Low,Very Low,Very Low,Very Low,Very Low,Very Low,Very Low,Very Low,Very Low,Very Low,Very Low,Very Low,Very Low,Very Low,Very Low,Very Low,Very Low,Very Low,Very Low,Very Low,Very Low,Very Low,Very Low,Very Low,Very Low,Very Low,Very Low,Very Low
Cabo Verde,Very Low,Very Low,Very Low,Very Low,Very Low,Very Low,Very Low,Very Low,Very Low,Low,Low,Low,Low,Low,Low,Low,Low,Low,Low,Low,Low,Low,Low,Low,Low,Low,Low,Low,Low,Low
Cambodia,Very Low,Very Low,Very Low,Very Low,Very Low,Very Low,Very Low,Very Low,Very Low,Very Low,Very Low,Very Low,Very Low,Very Low,Very Low,Very Low,Very Low,Very Low,Very Low,Very Low,Very Low,Very Low,Very Low,Very Low,Low,Low,Low,Low,Low,Low
Cameroon,Very Low,Low,Low,Low,Very Low,Very Low,Very Low,Very Low,Very Low,Very Low,Very Low,Very Low,Very Low,Very Low,Very Low,Very Low,Very Low,Very Low,Very Low,Very Low,Very Low,Very Low,Very Low,Very Low,Very Low,Very Low,Very Low,Very Low,Very Low,Very Low
Canada,Very High,Very High,Very High,Very High,Very High,Very High,Very High,Very High,Very High,Very High,Very High,Very High,Very High,Very High,Very High,Very High,Very High,Very High,Very High,Very High,Very High,Very High,Very High,Very High,Very High,Very High,Very High,Very High,Very High,Very High
Central African Republic,Very Low,Very Low,Very Low,Very Low,Very Low,Very Low,Very Low,Very Low,Very Low,Very Low,Very Low,Very Low,Very Low,Very Low,Very Low,Very Low,Very Low,Very Low,Very Low,Very Low,Very Low,Very Low,Very Low,Very Low,Very Low,Very Low,Very Low,Very Low,Very Low,Very Low
Chad,Very Low,Very Low,Very Low,Very Low,Very Low,Very Low,Very Low,Very Low,Very Low,Very Low,Very Low,Very Low,Very Low,Very Low,Very Low,Very Low,Very Low,Very Low,Very Low,Very Low,Very Low,Very Low,Very Low,Very Low,Very Low,Very Low,Very Low,Very Low,Very Low,Very Low
Chile,Middle,Middle,Middle,Middle,Middle,Middle,Middle,Middle,Middle,Middle,Middle,Middle,Middle,Middle,Middle,Middle,Middle,High,High,High,High,High,High,High,High,High,High,High,High,High
China,Middle,Middle,Middle,Middle,Middle,Middle,Middle,Middle,Middle,Middle,Middle,Middle,Middle,Middle,High,High,High,High,High,High,High,High,High,High,High,High,High,High,Very High,Very High
Colombia,Middle,Middle,Middle,Middle,Middle,Middle,Middle,Middle,Middle,Middle,Middle,Middle,Middle,Low,Low,Low,Low,Low,Low,Middle,Middle,Middle,Middle,Middle,Middle,Middle,Middle,Middle,Middle,Middle
Comoros,Very Low,Very Low,Very Low,Very Low,Very Low,Very Low,Very Low,Very Low,Very Low,Very Low,Very Low,Very Low,Very Low,Very Low,Very Low,Very Low,Very Low,Very Low,Very Low,Very Low,Very Low,Very Low,Very Low,Very Low,Very Low,Very Low,Very Low,Very Low,Low,Low
Costa Rica,Low,Low,Low,Low,Low,Low,Low,Low,Low,Low,Low,Low,Low,Low,Middle,Middle,Middle,Middle,Middle,Middle,Middle,Middle,Middle,Middle,Middle,Middle,Middle,Middle,Middle,Middle
Croatia,High,Middle,Middle,Middle,Middle,Middle,Middle,High,High,High,High,High,High,High,High,High,High,High,High,High,High,High,High,High,High,High,High,High,High,High
Cuba,Middle,Middle,Middle,Middle,Middle,Middle,Middle,Middle,Middle,Middle,Middle,Middle,Middle,Middle,Middle,Middle,Middle,Middle,Middle,Middle,Middle,Middle,Middle,Middle,Middle,Middle,Middle,Middle,Middle,Middle
Cyprus,High,High,High,High,High,High,High,High,High,Very High,Very High,High,High,Very High,Very High,Very High,Very High,Very High,Very High,Very High,High,High,High,High,High,High,High,High,High,High
Czech Republic,Very High,Very High,Very High,Very High,Very High,Very High,Very High,Very High,Very High,Very High,Very High,Very High,Very High,Very High,Very High,Very High,Very High,Very High,Very High,Very High,Very High,Very High,Very High,Very High,Very High,Very High,Very High,Very High,Very High,Very High
Democratic Republic Of Congo,Very Low,Very Low,Very Low,Very Low,Very Low,Very Low,Very Low,Very Low,Very Low,Very Low,Very Low,Very Low,Very Low,Very Low,Very Low,Very Low,Very Low,Very Low,Very Low,Very Low,Very Low,Very Low,Very Low,Very Low,Very Low,Very Low,Very Low,Very Low,Very Low,Very Low
Denmark,Very High,Very High,Very High,Very High,Very High,Very High,Very High,Very High,Very High,Very High,Very High,Very High,Very High,Very High,Very High,Very High,Very High,Very High,Very High,Very High,Very High,Very High,High,High,High,High,High,High,High,High
Djibouti,Low,Low,Low,Low,Low,Low,Low,Low,Low,Low,Low,Low,Low,Low,Low,Low,Low,Low,Low,Low,Low,Low,Low,Low,Low,Low,Low,Low,Very Low,Low
Dominica,Low,Low,Low,Low,Low,Middle,Low,Middle,Middle,Middle,Middle,Middle,Middle,Middle,Middle,Middle,Middle,Middle,Middle,High,Middle,Middle,Middle,Middle,Middle,Middle,Middle,Middle,Middle,Middle
Dominican Republic,Low,Low,Low,Low,Middle,Middle,Middle,Middle,Middle,Middle,Middle,Middle,Middle,Middle,Middle,Middle,Middle,Middle,Middle,Middle,Middle,Middle,Middle,Middle,Middle,Middle,Middle,Middle,Middle,Middle
Ecuador,Middle,Middle,Middle,Middle,Middle,Middle,Middle,Middle,Middle,Middle,Middle,Middle,Middle,Middle,Middle,Middle,Middle,Middle,Middle,Middle,Middle,Middle,Middle,Middle,Middle,Middle,Middle,Middle,Middle,Middle
Egypt,Middle,Middle,Middle,Middle,Middle,Middle,Middle,Middle,Middle,Middle,Middle,Middle,Middle,Middle,Middle,Middle,Middle,Middle,Middle,Middle,Middle,Middle,Middle,Middle,Middle,Middle,Middle,Middle,Middle,Middle
El Salvador,Low,Low,Low,Low,Low,Low,Low,Low,Low,Low,Low,Low,Low,Low,Low,Low,Low,Low,Low,Low,Low,Low,Low,Low,Low,Low,Low,Low,Low,Low
Equatorial Guinea,Very Low,Very Low,Middle,Middle,Middle,Middle,Middle,Middle,Middle,High,Middle,High,High,High,Very High,Very High,Very High,Very High,Very High,Very High,Very High,Very High,Very High,Very High,High,High,High,High,High,Middle
Eritrea,,,Very Low,Very Low,Very Low,Very Low,Very Low,Very Low,Very Low,Very Low,Very Low,Very Low,Very Low,Very Low,Very Low,Very Low,Very Low,Very Low,Very Low,Very Low,Very Low,Very Low,Very Low,Very Low,Very Low,Very Low,Very Low,Very Low,Very Low,Very Low
Estonia,Very High,Very High,Very High,Very High,Very High,Very High,Very High,Very High,Very High,Very High,Very High,Very High,Very High,Very High,Very High,Very High,Very High,Very High,Very High,Very High,Very High,Very High,Very High,Very High,Very High,Very High,Very High,Very High,Very High,Very High
Eswatini,Low,Low,Low,Low,Low,Low,Low,Low,Low,Low,Low,Low,Low,Low,Low,Low,Low,Low,Low,Low,Low,Low,Low,Low,Low,Low,Low,Low,Low,Low
Ethiopia,Very Low,Very Low,Very Low,Very Low,Very Low,Very Low,Very Low,Very Low,Very Low,Very Low,Very Low,Very Low,Very Low,Very Low,Very Low,Very Low,Very Low,Very Low,Very Low,Very Low,Very Low,Very Low,Very Low,Very Low,Very Low,Very Low,Very Low,Very Low,Very Low,Very Low
Fiji,Low,Low,Low,Low,Low,Low,Low,Low,Low,Low,Low,Low,Low,Low,Middle,Middle,Middle,Middle,Low,Low,Low,Low,Low,Low,Middle,Middle,Middle,Middle,Middle,Middle
Finland,Very High,Very High,Very High,Very High,Very High,Very High,Very High,Very High,Very High,Very High,Very High,Very High,Very High,Very High,Very High,Very High,Very High,Very High,Very High,Very High,Very High,Very High,Very High,Very High,Very High,Very High,Very High,Very High,Very High,Very High
France,High,High,High,High,High,High,High,High,High,High,High,High,High,High,High,High,High,High,High,High,High,High,High,High,High,High,High,High,High,High
Gabon,High,High,High,High,High,High,High,High,High,High,High,High,High,High,High,High,Middle,Middle,Middle,Middle,Middle,Middle,Middle,Middle,Middle,Middle,Middle,Middle,Middle,Middle
Gambia,Very Low,Very Low,Very Low,Very Low,Very Low,Very Low,Very Low,Very Low,Very Low,Very Low,Very Low,Very Low,Very Low,Very Low,Very Low,Very Low,Very Low,Very Low,Very Low,Very Low,Very Low,Very Low,Very Low,Very Low,Very Low,Very Low,Very Low,Very Low,Very Low,Very Low
Georgia,High,High,High,Middle,Middle,Middle,Middle,Low,Low,Low,Low,Low,Low,Low,Low,Low,Low,Middle,Low,Middle,Middle,Middle,Middle,Middle,Middle,Middle,Middle,Middle,Middle,Middle
Germany,Very High,Very High,Very High,Very High,Very High,Very High,Very High,Very High,Very High,Very High,Very High,Very High,Very High,Very High,Very High,Very High,Very High,Very High,Very High,Very High,Very High,Very High,Very High,Very High,Very High,Very High,Very High,Very High,Very High,Very High
Ghana,Very Low,Very Low,Very Low,Very Low,Very Low,Very Low,Very Low,Very Low,Very Low,Very Low,Very Low,Very Low,Very Low,Very Low,Very Low,Very Low,Very Low,Very Low,Very Low,Low,Low,Low,Low,Low,Low,Low,Low,Low,Low,Low
Greece,Very High,Very High,Very High,Very High,Very High,Very High,Very High,Very High,Very High,Very High,Very High,Very High,Very High,Very High,Very High,Very High,Very High,Very High,Very High,Very High,Very High,Very High,High,High,High,High,High,High,High,High
Grenada,Low,Low,Middle,Middle,Middle,Middle,Middle,Middle,Middle,Middle,Middle,Middle,Middle,Middle,Middle,Middle,Middle,Middle,Middle,High,Middle,Middle,Middle,Middle,Middle,Middle,Middle,Middle,Middle,Middle
Guatemala,Low,Low,Low,Low,Low,Low,Low,Low,Low,Low,Low,Low,Low,Low,Low,Low,Low,Low,Low,Low,Low,Low,Low,Low,Low,Low,Low,Low,Low,Low
Guinea,Very Low,Very Low,Very Low,Very Low,Very Low,Very Low,Very Low,Very Low,Very Low,Very Low,Very Low,Very Low,Very Low,Very Low,Very Low,Very Low,Very Low,Very Low,Very Low,Very Low,Very Low,Very Low,Very Low,Very Low,Very Low,Very Low,Very Low,Very Low,Very Low,Very Low
Guinea-Bissau,Very Low,Very Low,Very Low,Very Low,Very Low,Very Low,Very Low,Very Low,Very Low,Very Low,Very Low,Very Low,Very Low,Very Low,Very Low,Very Low,Very Low,Very Low,Very Low,Very Low,Very Low,Very Low,Very Low,Very Low,Very Low,Very Low,Very Low,Very Low,Very Low,Very Low
Guyana,Middle,Middle,Middle,Middle,Middle,Middle,Middle,Middle,Middle,Middle,Middle,Middle,Middle,Middle,Middle,Middle,Middle,Middle,Middle,Middle,Middle,Middle,Middle,Middle,Middle,Middle,Middle,Middle,Middle,Middle
Haiti,Very Low,Very Low,Very Low,Very Low,Very Low,Very Low,Very Low,Very Low,Very Low,Very Low,Very Low,Very Low,Very Low,Very Low,Very Low,Very Low,Very Low,Very Low,Very Low,Very Low,Very Low,Very Low,Very Low,Very Low,Very Low,Very Low,Very Low,Very Low,Very Low,Very Low
Honduras,Low,Low,Low,Low,Low,Low,Low,Low,Low,Low,Low,Low,Low,Low,Low,Low,Low,Low,Low,Low,Low,Low,Low,Low,Low,Low,Low,Low,Low,Low
Hungary,High,High,High,High,High,High,High,High,High,High,High,High,High,High,High,High,High,High,High,High,High,High,High,High,High,High,High,High,High,High
Iceland,Very High,Very High,Very High,Very High,Very High,Very High,Very High,Very High,Very High,Very High,Very High,Very High,Very High,Very High,Very High,Very High,Very High,Very High,High,High,High,High,High,High,High,High,High,High,High,High
India,Low,Low,Low,Low,Low,Low,Low,Low,Low,Low,Low,Low,Low,Low,Low,Low,Low,Low,Low,Low,Low,Middle,Middle,Middle,Middle,Middle,Middle,Middle,Middle,Middle
Indonesia,Low,Low,Low,Low,Low,Low,Low,Low,Low,Low,Low,Low,Low,Middle,Middle,Middle,Middle,Middle,Middle,Middle,Middle,Middle,Middle,Middle,Middle,Middle,Middle,Middle,Middle,Middle
Iran,Middle,High,High,High,High,High,High,High,High,High,High,High,High,High,High,High,High,High,High,High,High,High,High,Very High,Very High,High,High,Very High,Very High,High
Iraq,Middle,Middle,Middle,High,High,High,High,High,High,Middle,Middle,High,Middle,Middle,Middle,Middle,Middle,Middle,Middle,Middle,Middle,Middle,High,High,Middle,Middle,Middle,High,High,High
Ireland,Very High,Very High,Very High,Very High,Very High,Very High,Very High,Very High,Very High,Very High,Very High,Very High,Very High,Very High,Very High,Very High,Very High,Very High,Very High,Very High,Very High,Very High,Very High,Very High,Very High,Very High,Very High,Very High,Very High,High
Israel,High,High,High,Very High,Very High,Very High,Very High,Very High,Very High,Very High,Very High,Very High,Very High,Very High,Very High,Very High,Very High,Very High,Very High,Very High,Very High,Very High,Very High,Very High,Very High,Very High,Very High,Very High,High,High
Italy,High,High,High,High,High,High,High,High,Very High,Very High,Very High,Very High,Very High,Very High,Very High,Very High,Very High,Very High,Very High,High,High,High,High,High,High,High,High,High,High,High
Jamaica,Middle,Middle,Middle,Middle,Middle,Middle,Middle,Middle,High,High,High,High,High,High,High,High,High,High,Middle,Middle,Middle,Middle,Middle,Middle,Middle,Middle,Middle,Middle,Middle,Middle
Japan,Very High,Very High,Very High,Very High,Very High,Very High,Very High,Very High,Very High,Very High,Very High,Very High,Very High,Very High,Very High,Very High,Very High,Very High,Very High,Very High,Very High,Very High,Very High,Very High,Very High,Very High,Very High,Very High,Very High,Very High
Jordan,Middle,Middle,Middle,Middle,Middle,Middle,Middle,Middle,Middle,Middle,Middle,Middle,Middle,Middle,Middle,Middle,Middle,Middle,Middle,Middle,Middle,Middle,Middle,Middle,Middle,Middle,Middle,Middle,Middle,Middle
Kazakhstan,Very High,Very High,Very High,Very High,Very High,Very High,Very High,Very High,Very High,Very High,Very High,Very High,Very High,Very High,Very High,Very High,Very High,Very High,Very High,Very High,Very High,Very High,Very High,Very High,Very High,Very High,Very High,Very High,Very High,Very High
Kenya,Very Low,Very Low,Very Low,Very Low,Very Low,Very Low,Very Low,Very Low,Very Low,Very Low,Very Low,Very Low,Very Low,Very Low,Very Low,Very Low,Very Low,Very Low,Very Low,Very Low,Very Low,Very Low,Very Low,Very Low,Very Low,Very Low,Low,Low,Very Low,Low
Kiribati,Very Low,Very Low,Very Low,Very Low,Very Low,Very Low,Very Low,Very Low,Very Low,Very Low,Very Low,Very Low,Low,Low,Low,Low,Low,Low,Low,Low,Low,Low,Low,Low,Low,Low,Low,Low,Low,Low
Kuwait,Very High,High,Very High,Very High,Very High,Very High,Very High,Very High,Very High,Very High,Very High,Very High,Very High,Very High,Very High,Very High,Very High,Very High,Very High,Very High,Very High,Very High,Very High,Very High,Very High,Very High,Very High,Very High,Very High,Very High
Kyrgyz Republic,High,High,Middle,Middle,Middle,Low,Low,Low,Low,Low,Low,Low,Low,Low,Low,Low,Low,Low,Middle,Low,Low,Low,Middle,Middle,Middle,Middle,Middle,Middle,Middle,Middle
Lao PDR,Very Low,Very Low,Very Low,Very Low,Very Low,Very Low,Very Low,Very Low,Very Low,Very Low,Very Low,Very Low,Very Low,Very Low,Very Low,Very Low,Very Low,Very Low,Very Low,Low,Low,Low,Low,Low,Low,Low,Middle,Middle,Middle,Middle
Latvia,High,High,High,High,High,Middle,Middle,Middle,Middle,Middle,Middle,Middle,Middle,Middle,Middle,Middle,High,High,High,Middle,High,High,High,High,Middle,High,Middle,Middle,High,High
Lebanon,Middle,Middle,Middle,Middle,Middle,Middle,Middle,High,High,High,Middle,High,High,High,High,High,Middle,Middle,High,High,High,High,High,High,High,High,High,High,High,High
Lesotho,Very Low,Very Low,Very Low,Very Low,Very Low,Very Low,Very Low,Very Low,Very Low,Very Low,Very Low,Very Low,Very Low,Very Low,Very Low,Very Low,Very Low,Very Low,Very Low,Very Low,Very Low,Very Low,Very Low,Very Low,Very Low,Very Low,Very Low,Very Low,Very Low,Very Low
Liberia,Very Low,Very Low,Very Low,Very Low,Very Low,Very Low,Very Low,Very Low,Very Low,Very Low,Very Low,Very Low,Very Low,Very Low,Very Low,Very Low,Very Low,Very Low,Very Low,Very Low,Very Low,Very Low,Very Low,Very Low,Very Low,Very Low,Very Low,Very Low,Very Low,Very Low
Libya,High,High,High,High,Very High,Very High,Very High,Very High,Very High,Very High,Very High,Very High,Very High,Very High,Very High,Very High,Very High,Very High,Very High,Very High,Very High,High,Very High,Very High,Very High,Very High,Very High,Very High,Very High,Very High
Liechtenstein,High,High,High,High,High,High,High,High,High,High,High,High,High,High,High,High,High,High,High,High,High,High,High,High,High,High,High,High,Middle,High
Lithuania,Very High,Very High,High,High,High,High,High,High,High,Middle,Middle,Middle,Middle,Middle,Middle,High,High,High,High,High,High,High,High,High,High,High,High,High,High,High
Luxembourg,Very High,Very High,Very High,Very High,Very High,Very High,Very High,Very High,Very High,Very High,Very High,Very High,Very High,Very High,Very High,Very High,Very High,Very High,Very High,Very High,Very High,Very High,Very High,Very High,Very High,Very High,Very High,Very High,Very High,Very High
Madagascar,Very Low,Very Low,Very Low,Very Low,Very Low,Very Low,Very Low,Very Low,Very Low,Very Low,Very Low,Very Low,Very Low,Very Low,Very Low,Very Low,Very Low,Very Low,Very Low,Very Low,Very Low,Very Low,Very Low,Very Low,Very Low,Very Low,Very Low,Very Low,Very Low,Very Low
Malawi,Very Low,Very Low,Very Low,Very Low,Very Low,Very Low,Very Low,Very Low,Very Low,Very Low,Very Low,Very Low,Very Low,Very Low,Very Low,Very Low,Very Low,Very Low,Very Low,Very Low,Very Low,Very Low,Very Low,Very Low,Very Low,Very Low,Very Low,Very Low,Very Low,Very Low
Malaysia,Middle,Middle,Middle,High,High,High,High,High,High,High,High,High,High,High,High,High,High,High,High,High,High,High,High,Very High,Very High,Very High,Very High,High,Very High,Very High
Maldives,Low,Low,Low,Low,Low,Low,Low,Low,Low,Middle,Middle,Middle,Middle,Middle,Middle,Middle,Middle,Middle,Middle,Middle,Middle,Middle,Middle,Middle,Middle,Middle,High,High,High,High
Mali,Very Low,Very Low,Very Low,Very Low,Very Low,Very Low,Very Low,Very Low,,,Very Low,Very Low,Very Low,Very Low,Very Low,Very Low,Very Low,Very Low,Very Low,Very Low,Very Low,Very Low,Very Low,Very Low,Very Low,Very Low,Very Low,Very Low,Very Low,Very Low
Malta,High,High,High,Very High,High,High,High,High,High,High,High,High,High,High,High,High,High,High,High,High,High,High,High,High,High,High,Middle,Middle,Middle,Middle
Marshall Islands,,,Middle,Middle,Middle,Middle,Middle,Middle,Middle,Middle,Middle,Middle,Middle,Middle,Middle,Middle,Middle,Middle,Middle,Middle,Middle,Middle,Middle,Middle,Middle,Middle,High,High,High,High
Mauritania,Low,Low,Low,Low,Low,Low,Low,Low,Low,Low,Low,Low,Low,Low,Low,Low,Low,Low,Low,Low,Low,Low,Low,Low,Low,Low,Low,Low,Low,Low
Mauritius,Low,Low,Low,Low,Low,Low,Middle,Middle,Middle,Middle,Middle,Middle,Middle,Middle,Middle,Middle,Middle,Middle,Middle,Middle,Middle,Middle,Middle,Middle,Middle,Middle,Middle,Middle,Middle,Middle
Mexico,Middle,Middle,Middle,Middle,High,Middle,Middle,Middle,High,Middle,High,High,High,High,High,High,High,High,High,High,High,High,High,High,High,High,High,High,Middle,Middle
Micronesia,,,Low,Low,Low,Low,Low,Low,Low,Low,Low,Low,Low,Middle,Middle,Middle,Low,Low,Low,Low,Low,Low,Low,Low,Low,Low,Middle,Middle,Middle,Middle
Moldova,Very High,Very High,High,High,High,High,Middle,Middle,Middle,Middle,Middle,Middle,Middle,Middle,Middle,Middle,Middle,Middle,Middle,Middle,Middle,Middle,Middle,Middle,Middle,Middle,Middle,Middle,Middle,Middle
Mongolia,High,High,High,High,High,High,Middle,Middle,Middle,Middle,Middle,Middle,High,High,High,High,High,High,High,High,High,High,High,High,High,High,High,High,High,High
Montenegro,Middle,Middle,Middle,Middle,Middle,Middle,Middle,Middle,Middle,Middle,Middle,Middle,Middle,Middle,Middle,Middle,Middle,Middle,High,Middle,High,High,High,Middle,Middle,High,Middle,Middle,High,High
Morocco,Low,Low,Low,Low,Low,Low,Low,Low,Low,Low,Low,Low,Low,Low,Low,Middle,Middle,Middle,Middle,Middle,Middle,Middle,Middle,Middle,Middle,Middle,Middle,Middle,Middle,Middle
Mozambique,Very Low,Very Low,Very Low,Very Low,Very Low,Very Low,Very Low,Very Low,Very Low,Very Low,Very Low,Very Low,Very Low,Very Low,Very Low,Very Low,Very Low,Very Low,Very Low,Very Low,Very Low,Very Low,Very Low,Very Low,Very Low,Very Low,Very Low,Very Low,Very Low,Very Low
Myanmar,Very Low,Very Low,Very Low,Very Low,Very Low,Very Low,Very Low,Very Low,Very Low,Very Low,Very Low,Very Low,Very Low,Very Low,Very Low,Very Low,Very Low,Very Low,Very Low,Very Low,Very Low,Very Low,Very Low,Very Low,Very Low,Very Low,Low,Low,Low,Low
Namibia,,Low,Low,Low,Low,Low,Low,Low,Low,Low,Low,Low,Low,Low,Low,Low,Low,Low,Middle,Middle,Middle,Middle,Middle,Middle,Middle,Middle,Middle,Middle,Middle,Middle
Nauru,Very High,Very High,Very High,Very High,Very High,Very High,Very High,Very High,Very High,Very High,Very High,Very High,Very High,High,High,High,High,High,High,High,High,High,High,High,High,High,High,High,High,High
Nepal,Very Low,Very Low,Very Low,Very Low,Very Low,Very Low,Very Low,Very Low,Very Low,Very Low,Very Low,Very Low,Very Low,Very Low,Very Low,Very Low,Very Low,Very Low,Very Low,Very Low,Very Low,Very Low,Very Low,Very Low,Very Low,Very Low,Very Low,Low,Low,Low
Netherlands,Very High,Very High,Very High,Very High,Very High,Very High,Very High,Very High,Very High,Very High,Very High,Very High,Very High,Very High,Very High,Very High,Very High,Very High,Very High,Very High,Very High,Very High,Very High,Very High,Very High,Very High,Very High,Very High,Very High,Very High
New Zealand,High,High,High,High,High,High,High,High,High,Very High,Very High,Very High,Very High,Very High,Very High,Very High,Very High,Very High,Very High,High,High,High,High,High,High,High,High,High,High,High
Nicaragua,Low,Low,Low,Low,Low,Low,Low,Low,Low,Low,Low,Low,Low,Low,Low,Low,Low,Low,Low,Low,Low,Low,Low,Low,Low,Low,Low,Low,Low,Low
Niger,Very Low,Very Low,Very Low,Very Low,Very Low,Very Low,Very Low,Very Low,Very Low,Very Low,Very Low,Very Low,Very Low,Very Low,Very Low,Very Low,Very Low,Very Low,Very Low,Very Low,Very Low,Very Low,Very Low,Very Low,Very Low,Very Low,Very Low,Very Low,Very Low,Very Low
Nigeria,Low,Low,Low,Low,Low,Low,Low,Low,Low,Low,Low,Low,Low,Low,Low,Low,Low,Low,Low,Low,Low,Low,Low,Low,Low,Low,Low,Low,Low,Low
North Korea,High,High,High,High,High,High,Middle,Middle,Middle,Middle,Middle,Middle,Middle,Middle,Middle,Middle,Middle,Middle,Middle,Middle,Middle,Middle,Middle,Low,Low,Low,Low,Middle,Middle,Middle
North Macedonia,High,High,High,High,High,High,High,High,High,High,High,High,High,High,High,High,High,High,High,High,High,High,High,High,High,Middle,Middle,High,Middle,High
Norway,High,High,High,Very High,Very High,Very High,Very High,Very High,Very High,Very High,Very High,Very High,Very High,Very High,Very High,Very High,Very High,Very High,Very High,Very High,Very High,Very High,Very High,Very High,Very High,Very High,Very High,High,High,High
Oman,High,Very High,Very High,High,Very High,Very High,Very High,Very High,Very High,Very High,Very High,Very High,Very High,Very High,Very High,Very High,Very High,Very High,Very High,Very High,Very High,Very High,Very High,Very High,Very High,Very High,Very High,Very High,Very High,Very High
Pakistan,Low,Low,Low,Low,Low,Low,Low,Low,Low,Low,Low,Low,Low,Low,Low,Low,Low,Low,Low,Low,Low,Low,Low,Low,Low,Low,Low,Low,Low,Low
Palau,,,Very High,Very High,Very High,Very High,Very High,Very High,Very High,Very High,Very High,Very High,Very High,Very High,Very High,Very High,Very High,Very High,Very High,Very High,Very High,Very High,Very High,Very High,Very High,Very High,Very High,Very High,Very High,Very High
Panama,Low,Low,Middle,Middle,Middle,Middle,Middle,Middle,Middle,Middle,Middle,Middle,Middle,Middle,Middle,Middle,Middle,Middle,Middle,Middle,Middle,Middle,Middle,Middle,Middle,Middle,Middle,Middle,Middle,Middle
Papua New Guinea,Low,Low,Low,Low,Low,Low,Low,Low,Low,Low,Low,Low,Low,Low,Low,Low,Low,Low,Low,Low,Low,Low,Low,Low,Low,Low,Low,Low,Low,Low
Paraguay,Low,Low,Low,Low,Low,Low,Low,Low,Low,Low,Low,Low,Low,Low,Low,Low,Low,Low,Low,Low,Low,Low,Low,Low,Low,Low,Low,Low,Low,Low
Peru,Low,Low,Low,Low,Low,Low,Low,Low,Low,Low,Low,Low,Low,Low,Low,Low,Low,Low,Low,Middle,Middle,Middle,Middle,Middle,Middle,Middle,Middle,Middle,Middle,Middle
Philippines,Low,Low,Low,Low,Low,Low,Low,Low,Low,Low,Low,Low,Low,Low,Low,Low,Low,Low,Low,Low,Low,Low,Low,Low,Low,Low,Low,Low,Low,Low
Poland,Very High,Very High,Very High,Very High,Very High,Very High,Very High,Very High,Very High,Very High,Very High,Very High,Very High,Very High,Very High,Very High,Very High,Very High,Very High,Very High,Very High,Very High,Very High,Very High,Very High,Very High,Very High,Very High,Very High,Very High
Portugal,High,High,High,High,High,High,High,High,High,High,High,High,High,High,High,High,High,High,High,High,High,High,High,High,High,High,High,High,High,High
Qatar,Very High,Very High,Very High,Very High,Very High,Very High,Very High,Very High,Very High,Very High,Very High,Very High,Very High,Very High,Very High,Very High,Very High,Very High,Very High,Very High,Very High,Very High,Very High,Very High,Very High,Very High,Very High,Very High,Very High,Very High
Republic Of Congo,Low,Low,Low,Low,Low,Low,Low,Low,Low,Low,Low,Low,Low,Low,Low,Low,Low,Low,Low,Low,Low,Low,Low,Low,Low,Low,Low,Low,Low,Low
Romania,Very High,High,High,High,High,High,High,High,High,High,High,High,High,High,High,High,High,High,High,High,High,High,High,Middle,Middle,High,Middle,High,High,High
Russia,Very High,Very High,Very High,Very High,Very High,Very High,Very High,Very High,Very High,Very High,Very High,Very High,Very High,Very High,Very High,Very High,Very High,Very High,Very High,Very High,Very High,Very High,Very High,Very High,Very High,Very High,Very High,Very High,Very High,Very High
Rwanda,Very Low,Very Low,Very Low,Very Low,Very Low,Very Low,Very Low,Very Low,Very Low,Very Low,Very Low,Very Low,Very Low,Very Low,Very Low,Very Low,Very Low,Very Low,Very Low,Very Low,Very Low,Very Low,Very Low,Very Low,Very Low,Very Low,Very Low,Very Low,Very Low,Very Low
Samoa,Low,Low,Low,Low,Low,Low,Low,Low,Low,Low,Low,Low,Low,Low,Low,Low,Low,Low,Low,Low,Low,Low,Low,Low,Low,Low,Middle,Middle,Low,Middle
Sao Tome And Principe,Low,Low,Very Low,Very Low,Very Low,Very Low,Very Low,Very Low,Very Low,Very Low,Very Low,Very Low,Low,Low,Low,Low,Low,Low,Low,Low,Low,Low,Low,Low,Low,Low,Low,Low,Low,Low
Saudi Arabia,Very High,Very High,Very High,Very High,Very High,Very High,Very High,Very High,Very High,Very High,Very High,Very High,Very High,Very High,Very High,Very High,Very High,Very High,Very High,Very High,Very High,Very High,Very High,Very High,Very High,Very High,Very High,Very High,Very High,Very High
Senegal,Very Low,Very Low,Very Low,Very Low,Very Low,Very Low,Very Low,Very Low,Low,Low,Low,Low,Low,Low,Low,Low,Low,Low,Low,Low,Low,Low,Low,Low,Low,Low,Low,Low,Low,Low
Serbia,Very High,High,High,High,High,High,High,Very High,Very High,High,High,High,High,High,Very High,High,High,High,High,High,High,High,High,High,High,High,High,High,High,High
Seychelles,Middle,Middle,Middle,Middle,Middle,Middle,Middle,Middle,Middle,High,Middle,High,High,High,High,High,High,High,High,High,High,High,High,High,High,High,High,High,High,High
Sierra Leone,Very Low,Very Low,Very Low,Very Low,Very Low,Very Low,Very Low,Very Low,Very Low,Very Low,Very Low,Very Low,Very Low,Very Low,Very Low,Very Low,Very Low,Very Low,Very Low,Very Low,Very Low,Very Low,Very Low,Very Low,Very Low,Very Low,Very Low,Very Low,Very Low,Very Low
Singapore,Very High,Very High,Very High,Very High,Very High,Very High,Very High,Very High,Very High,Very High,Very High,Very High,Very High,Very High,Very High,Very High,Very High,Very High,Very High,Very High,Very High,Very High,Very High,Very High,Very High,Very High,Very High,Very High,Very High,Very High
Slovak Republic,Very High,Very High,Very High,Very High,Very High,Very High,Very High,Very High,Very High,Very High,High,High,High,High,High,High,High,High,High,High,High,High,High,High,High,High,High,High,High,High
Slovenia,High,High,High,High,High,High,Very High,Very High,Very High,Very High,High,Very High,Very High,Very High,Very High,Very High,Very High,Very High,Very High,Very High,Very High,Very High,Very High,High,High,High,High,High,High,High
Solomon Islands,Low,Low,Low,Low,Low,Low,Low,Low,Low,Low,Low,Low,Low,Low,Low,Low,Low,Low,Low,Low,Low,Low,Low,Low,Low,Low,Low,Low,Low,Low
Somalia,Very Low,Very Low,Very Low,Very Low,Very Low,Very Low,Very Low,Very Low,Very Low,Very Low,Very Low,Very Low,Very Low,Very Low,Very Low,Very Low,Very Low,Very Low,Very Low,Very Low,Very Low,Very Low,Very Low,Very Low,Very Low,Very Low,Very Low,Very Low,Very Low,Very Low
South Africa,High,High,High,High,High,High,High,High,High,High,High,High,High,Very High,Very High,Very High,Very High,Very High,Very High,Very High,Very High,Very High,Very High,Very High,Very High,Very High,Very High,Very High,Very High,Very High
South Korea,High,High,High,Very High,Very High,Very High,Very High,Very High,Very High,Very High,Very High,Very High,Very High,Very High,Very High,Very High,Very High,Very High,Very High,Very High,Very High,Very High,Very High,Very High,Very High,Very High,Very High,Very High,Very High,Very High
South Sudan,Very Low,Very Low,Very Low,Very Low,Very Low,Very Low,Very Low,Very Low,Very Low,Very Low,Very Low,Very Low,Very Low,Very Low,Very Low,Very Low,Very Low,Very Low,Very Low,Very Low,Very Low,Very Low,Very Low,Very Low,Very Low,Very Low,Very Low,Very Low,Very Low,Very Low
Spain,High,High,High,High,High,High,High,High,High,High,High,High,Very High,Very High,Very High,Very High,Very High,Very High,High,High,High,High,High,High,High,High,High,High,High,High
Sri Lanka,Very Low,Very Low,Very Low,Very Low,Very Low,Very Low,Low,Low,Low,Low,Low,Low,Low,Low,Low,Low,Low,Low,Low,Low,Low,Low,Low,Low,Low,Low,Low,Low,Low,Low
St. Kitts And Nevis,Middle,Middle,Middle,Middle,Middle,Middle,Middle,Middle,High,High,High,High,High,High,High,High,High,High,High,Very High,High,High,High,High,High,High,High,High,High,High
St. Lucia,Low,Low,Middle,Middle,Middle,Middle,Middle,Middle,Middle,Middle,Middle,Middle,Middle,Middle,Middle,Middle,Middle,Middle,Middle,Very High,Middle,Middle,High,Middle,Middle,Middle,Middle,Middle,Middle,Middle
St. Vincent And The Grenadines,Low,Low,Low,Low,Low,Low,Low,Middle,Middle,Middle,Middle,Middle,Middle,Middle,Middle,Middle,Middle,Middle,Middle,Very High,Middle,Middle,Middle,Middle,Middle,Middle,Middle,Middle,Middle,Middle
Sudan,Very Low,Very Low,Very Low,Very Low,Very Low,Very Low,Very Low,Very Low,Very Low,Very Low,Very Low,Very Low,Very Low,Very Low,Very Low,Very Low,Low,Low,Low,Low,Low,Low,Low,Low,Low,Low,Low,Low,Low,Low
Suriname,High,High,High,High,High,High,High,High,High,High,Middle,Middle,Middle,Middle,Middle,Middle,Middle,Middle,Middle,Middle,Middle,Middle,High,High,High,High,High,High,High,High
Sweden,High,High,High,High,High,High,High,High,High,High,High,High,High,High,High,High,High,High,High,High,High,High,High,High,High,High,High,High,Middle,Middle
Switzerland,High,High,High,High,High,High,High,High,High,High,High,High,High,High,High,High,High,High,High,High,High,High,High,High,High,High,High,High,High,High
Syrian Arab Republic,Middle,Middle,Middle,Middle,Middle,Middle,Middle,Middle,Middle,Middle,Middle,Middle,Middle,Middle,Middle,Middle,Middle,Middle,Middle,Middle,Middle,Middle,Middle,Middle,Low,Low,Low,Middle,Middle,Low
Tajikistan,Middle,Middle,Low,Low,Low,Low,Very Low,Low,Low,Low,Very Low,Very Low,Very Low,Very Low,Very Low,Very Low,Very Low,Low,Low,Very Low,Very Low,Very Low,Very Low,Low,Low,Low,Low,Low,Low,Low
Tanzania,Very Low,Very Low,Very Low,Very Low,Very Low,Very Low,Very Low,Very Low,Very Low,Very Low,Very Low,Very Low,Very Low,Very Low,Very Low,Very Low,Very Low,Very Low,Very Low,Very Low,Very Low,Very Low,Very Low,Very Low,Very Low,Very Low,Very Low,Very Low,Very Low,Very Low
Thailand,Middle,Middle,Middle,Middle,Middle,Middle,Middle,Middle,Middle,Middle,Middle,Middle,Middle,Middle,Middle,Middle,Middle,Middle,Middle,Middle,Middle,Middle,Middle,High,Middle,High,High,Middle,Middle,High
Timor-Leste,,,,,,,,,,,,,Very Low,Very Low,Very Low,Very Low,Very Low,Very Low,Very Low,Very Low,Very Low,Very Low,Very Low,Low,Low,Low,Low,Low,Low,Low
Togo,Very Low,Very Low,Very Low,Very Low,Very Low,Very Low,Very Low,Very Low,Very Low,Very Low,Very Low,Very Low,Very Low,Very Low,Very Low,Very Low,Very Low,Very Low,Very Low,Low,Low,Very Low,Very Low,Very Low,Very Low,Very Low,Very Low,Very Low,Very Low,Very Low
Tonga,Low,Low,Low,Low,Low,Low,Low,Low,Low,Low,Low,Low,Low,Low,Low,Low,Middle,Low,Low,Low,Low,Low,Low,Low,Low,Low,Middle,Middle,Middle,Middle
Trinidad And Tobago,Very High,Very High,Very High,Very High,High,High,High,Very High,Very High,Very High,Very High,Very High,Very High,Very High,Very High,Very High,Very High,Very High,Very High,Very High,Very High,Very High,Very High,Very High,Very High,Very High,Very High,Very High,Very High,Very High
Tunisia,Middle,Middle,Middle,Middle,Middle,Middle,Middle,Middle,Middle,Middle,Middle,Middle,Middle,Middle,Middle,Middle,Middle,Middle,Middle,Middle,Middle,Middle,Middle,Middle,Middle,Middle,Middle,Middle,Middle,Middle
Turkey,Middle,Middle,Middle,Middle,Middle,Middle,Middle,Middle,Middle,Middle,Middle,Middle,Middle,Middle,Middle,Middle,High,High,High,High,High,High,High,High,High,High,High,High,High,High
Turkmenistan,Very High,Very High,High,High,Very High,Very High,High,High,High,Very High,Very High,Very High,Very High,Very High,Very High,Very High,Very High,Very High,Very High,Very High,Very High,Very High,Very High,Very High,Very High,Very High,Very High,Very High,Very High,Very High
Tuvalu,Low,Low,Low,Low,Low,Low,Low,Low,Low,Low,Low,Low,Low,Low,Low,Low,Low,Low,Low,Low,Low,Low,Low,Low,Low,Low,Low,Low,Low,Low
UAE,Very High,Very High,Very High,Very High,Very High,Very High,Very High,Very High,Very High,Very High,Very High,Very High,Very High,Very High,Very High,Very High,Very High,Very High,Very High,Very High,Very High,Very High,Very High,Very High,Very High,Very High,Very High,Very High,Very High,Very High
Uganda,Very Low,Very Low,Very Low,Very Low,Very Low,Very Low,Very Low,Very Low,Very Low,Very Low,Very Low,Very Low,Very Low,Very Low,Very Low,Very Low,Very Low,Very Low,Very Low,Very Low,Very Low,Very Low,Very Low,Very Low,Very Low,Very Low,Very Low,Very Low,Very Low,Very Low
Ukraine,Very High,Very High,Very High,Very High,Very High,Very High,High,High,High,High,High,High,High,High,High,High,High,High,High,High,High,High,High,High,High,High,High,High,High,High
United Kingdom,Very High,Very High,Very High,Very High,Very High,Very High,Very High,Very High,Very High,Very High,Very High,Very High,Very High,Very High,Very High,Very High,Very High,Very High,Very High,Very High,Very High,High,Very High,High,High,High,High,High,High,High
United States,Very High,Very High,Very High,Very High,Very High,Very High,Very High,Very High,Very High,Very High,Very High,Very High,Very High,Very High,Very High,Very High,Very High,Very High,Very High,Very High,Very High,Very High,Very High,Very High,Very High,Very High,Very High,Very High,Very High,Very High
Uruguay,Low,Low,Middle,Middle,Low,Middle,Middle,Middle,Middle,Middle,Middle,Middle,Low,Low,Middle,Middle,Middle,Middle,Middle,Middle,Middle,Middle,Middle,Middle,Middle,Middle,Middle,Middle,Middle,Middle
Uzbekistan,High,High,High,High,High,High,High,High,High,High,High,High,High,High,High,High,High,High,High,High,High,High,High,High,Middle,Middle,Middle,Middle,Middle,Middle
Vanuatu,Low,Low,Very Low,Very Low,Very Low,Low,Low,Low,Low,Low,Low,Low,Low,Low,Very Low,Very Low,Very Low,Low,Low,Low,Low,Low,Low,Low,Low,Low,Low,Low,Low,Low
Venezuela,High,High,High,High,High,High,High,High,High,High,High,High,High,High,High,High,High,High,High,High,High,High,High,High,High,High,High,High,High,High
Vietnam,Very Low,Very Low,Very Low,Very Low,Very Low,Low,Low,Low,Low,Low,Low,Low,Low,Low,Low,Low,Low,Low,Low,Middle,Middle,Middle,Middle,Middle,Middle,Middle,Middle,Middle,Middle,Middle
Yemen,Low,Low,Low,Low,Low,Low,Low,Low,Low,Low,Low,Low,Low,Low,Low,Low,Low,Low,Low,Low,Low,Low,Low,Low,Low,Low,Very Low,Very Low,Very Low,Very Low
Zambia,Very Low,Very Low,Very Low,Very Low,Very Low,Very Low,Very Low,Very Low,Very Low,Very Low,Very Low,Very Low,Very Low,Very Low,Very Low,Very Low,Very Low,Very Low,Very Low,Very Low,Very Low,Very Low,Very Low,Very Low,Very Low,Very Low,Very Low,Low,Low,Very Low
Zimbabwe,Middle,Middle,Middle,Middle,Middle,Middle,Low,Low,Low,Low,Low,Low,Low,Low,Low,Low,Low,Low,Low,Low,Low,Low,Low,Low,Low,Low,Low,Low,Low,Low
